Jdate,Loss,VaRGld,VaRNor
1396-09-11,-0.15840055,0.233030317,0.320080815
1396-09-12,0.378494651,0.233313777,0.31971642
1396-09-13,0.016713545,0.249092494,0.329581058
1396-09-14,-0.170961999,0.245227889,0.327020628
1396-09-18,-0.074731489,0.243687097,0.324219518
1396-09-19,-0.042334031,0.243719507,0.324367409
1396-09-20,-0.386865036,0.243045113,0.326217928
1396-09-21,-1.168970203,0.244943395,0.325465272
1396-09-22,-0.704419935,0.243001936,0.3443133
1396-09-23,0.0001072,0.245315854,0.34700297
1396-09-24,0,0.245838148,0.347416482
1396-09-25,-1.408081171,0.246164934,0.349799476
1396-09-26,-1.045501516,0.244134085,0.374083473
1396-09-27,0.129057194,0.245995064,0.383068621
1396-09-28,-0.11849186,0.250615358,0.386644733
1396-09-29,0.085819307,0.248589733,0.387611454
1396-10-02,-1.359597409,0.249230082,0.390867629
1396-10-03,-0.73405758,0.249558862,0.412726922
1396-10-04,-0.846510476,0.251771688,0.413272005
1396-10-05,0.209352118,0.252802985,0.417446207
1396-10-06,0.258707282,0.259074627,0.425595227
1396-10-09,0.70493679,0.266103069,0.429395385
1396-10-10,1.711796926,0.302457201,0.453326511
1396-10-11,-0.67414556,0.525996772,0.540078249
1396-10-12,-0.034606553,0.525883317,0.535561838
1396-10-13,0.324503617,0.524678683,0.531498755
1396-10-16,-0.354735577,0.531106475,0.54044648
1396-10-17,0.037193878,0.532983984,0.535093385
1396-10-18,-0.101782765,0.538494336,0.536227061
1396-10-19,0.190459722,0.532070942,0.537935495
1396-10-20,-0.038162562,0.53665689,0.544125671
1396-10-23,-0.458060251,0.533049785,0.541344236
1396-10-24,-0.620152708,0.54141981,0.53809183
1396-10-25,-0.73309799,0.535869195,0.536182175
1396-10-26,-0.664393418,0.536617677,0.535307247
1396-10-27,-0.33070032,0.535637956,0.535696992
1396-10-30,0.107514548,0.537127928,0.533459813
1396-11-01,0.605163689,0.537132761,0.536482594
1396-11-02,-0.41392108,0.570799901,0.556202802
1396-11-03,-0.602772264,0.572723421,0.555250359
1396-11-04,-0.299275482,0.569580605,0.555736944
1396-11-07,0.167540275,0.572334514,0.552356271
1396-11-08,-0.059365097,0.57199255,0.557537544
1396-11-09,0.371257996,0.571060913,0.559722815
1396-11-10,0.494222021,0.586247997,0.568390074
1396-11-11,0.431438155,0.604498418,0.582613001
1396-11-14,0.423483022,0.623829958,0.590765488
1396-11-15,-0.091342937,0.631366178,0.601900218
1396-11-16,-0.23018613,0.631358896,0.60371642
1396-11-17,0.108184802,0.63419093,0.600097124
1396-11-18,-0.37935663,0.612967476,0.58994552
1396-11-21,0.527330549,0.61307205,0.588466884
1396-11-23,-0.14511462,0.635183566,0.602819212
1396-11-24,-0.182218917,0.639215093,0.601921408
1396-11-25,-0.249018714,0.658589554,0.60199274
1396-11-28,-0.083037954,0.635722907,0.602162407
1396-11-29,0.119954554,0.636204098,0.6037323
1396-11-30,0.166038842,0.642580888,0.600587936
1396-12-02,-0.008965604,0.511483553,0.605838236
1396-12-05,-0.019965956,0.51070279,0.60513099
1396-12-06,0.098544214,0.638995712,0.600284742
1396-12-07,-0.01865646,0.639361583,0.600540283
1396-12-08,-0.002344555,0.638465413,0.601845614
1396-12-09,0.141893553,0.633869971,0.604094669
1396-12-12,0.586639846,0.623939175,0.599151913
1396-12-13,0.035328613,0.652026629,0.610369693
1396-12-14,0.176521827,0.649860351,0.611986086
1396-12-15,0.19734924,0.638239773,0.605883099
1396-12-16,0.134845647,0.610386124,0.594535789
1396-12-19,0.274793044,0.60513844,0.597535708
1396-12-20,0.587782273,0.608196919,0.604489922
1396-12-21,-0.172716287,0.635082539,0.619060451
1396-12-22,-0.124358161,0.514746612,0.618997757
1396-12-23,0.821731063,0.514571229,0.619257017
1396-12-26,-0.053792926,0.68737066,0.644489301
1396-12-27,-0.253191279,0.687598696,0.644786487
1396-12-28,-0.489617577,0.689347566,0.643935967
1397-01-05,-0.141140501,0.690829912,0.64147349
1397-01-06,-0.066142917,0.54863071,0.64065451
1397-01-07,-0.110727701,0.693577858,0.637355581
1397-01-08,-0.353630764,0.691834856,0.63813085
1397-01-14,-0.151836211,0.693595376,0.63699384
1397-01-15,-0.066310883,0.692876607,0.637887045
1397-01-18,0.382302767,0.540453703,0.639028702
1397-01-19,0.454223781,0.552274279,0.647458024
1397-01-20,-0.805847785,0.565529147,0.65881859
1397-01-21,0.3844875,0.568894714,0.661752779
1397-01-22,0.477634498,0.57930058,0.66959467
1397-01-26,0.311534023,0.593235588,0.680079969
1397-01-27,0.502680781,0.59919863,0.684691722
1397-01-28,-0.017274873,0.613050776,0.695753837
1397-01-29,-0.001151552,0.613040357,0.695742027
1397-02-01,0.270455158,0.612116265,0.694062483
1397-02-02,0.813242256,0.616242871,0.697868883
1397-02-03,0.206256956,0.646318455,0.719854743
1397-02-04,-0.293102873,0.647880515,0.724306856
1397-02-05,-0.232135305,0.664349221,0.72294094
1397-02-08,0.54125227,0.664365685,0.722900677
1397-02-09,0.509225679,0.678319367,0.734844815
1397-02-10,0.233307326,0.688821797,0.746136746
1397-02-11,-0.026923221,0.669310516,0.750146465
1397-02-15,0.547901969,0.678491964,0.737050399
1397-02-16,0.269641815,0.691955464,0.74942873
1397-02-17,-0.339756412,0.677644316,0.752872011
1397-02-18,-0.471057246,0.680007979,0.749979263
1397-02-19,-0.091085337,0.681887085,0.750079402
1397-02-22,-0.21323993,0.677210022,0.742850961
1397-02-23,-0.29214583,0.678793035,0.741177052
1397-02-24,-0.569284406,0.679799905,0.740837066
1397-02-25,-0.213597199,0.68744734,0.740903596
1397-02-26,-0.036134533,0.686986288,0.739780124
1397-02-29,-0.171434657,0.686662753,0.741079203
1397-02-30,-0.035008503,0.675001473,0.728749262
1397-02-31,-0.09560642,0.670800517,0.727037008
1397-03-01,-0.00262526,0.670063153,0.726212329
1397-03-02,-0.225619724,0.670028492,0.726185374
1397-03-05,-0.364988718,0.775101282,0.703352912
1397-03-06,0.175530293,0.686094126,0.692094908
1397-03-07,0.10086025,0.686576157,0.692812602
1397-03-08,0.125694478,0.685866963,0.694852252
1397-03-09,-0.175928066,0.686031999,0.695393992
1397-03-12,-0.390854126,0.689060781,0.671187085
1397-03-13,-0.048866715,0.694034735,0.666550761
1397-03-19,-0.081530275,0.694392313,0.65900295
1397-03-20,0.167922828,0.693563326,0.655701421
1397-03-21,0.071442245,0.691707271,0.654102709
1397-03-22,-0.552787944,0.669107253,0.63818986
1397-03-23,-2.831030562,0.579672802,0.558827579
1397-03-27,-3.280277201,0.561311078,0.690789687
1397-03-28,-2.010929372,0.5494921,0.830376119
1397-03-29,-1.867588787,0.542463956,0.859592248
1397-03-30,-2.199766475,0.540844014,0.887179041
1397-04-02,-0.484254017,0.541439047,0.922156112
1397-04-03,-2.402235602,0.543429291,0.92014257
1397-04-04,-2.740232659,0.542714437,0.956832554
1397-04-05,1.440150958,0.544180048,1.007213703
1397-04-06,1.959480534,0.60869475,1.052821907
1397-04-09,-0.182541906,0.695161806,1.122366029
1397-04-10,2.57399589,0.691587339,1.123840578
1397-04-11,-1.137086924,0.795840102,1.225477349
1397-04-12,-2.167946144,0.800501366,1.227900415
1397-04-13,-0.127648331,0.809550749,1.246663258
1397-04-16,1.286937064,0.79203078,1.234469785
1397-04-17,0.18043925,0.836487081,1.268993074
1397-04-19,0.002165084,0.834156625,1.275022872
1397-04-20,1.219779131,0.831678933,1.277672223
1397-04-23,0.538867177,0.873219734,1.303552471
1397-04-24,0.778200416,0.887477102,1.313016045
1397-04-25,-0.034877971,0.903593002,1.321960498
1397-04-26,0.305154792,0.890839789,1.313744754
1397-04-27,0.003711312,0.886587036,1.311447329
1397-04-30,-0.480303563,0.876011293,1.305003474
1397-04-31,-0.49307807,0.880595569,1.302648373
1397-05-01,0.158076484,0.88393885,1.301413858
1397-05-02,0.242335234,0.884906345,1.302111719
1397-05-03,-0.372198813,0.885842098,1.308421276
1397-05-04,0,0.874792398,1.296805242
1397-05-05,0,0.87415017,1.29828066
1397-05-06,-2.789584451,0.87306296,1.300064493
1397-05-07,-1.749389628,0.883862981,1.341215169
1397-05-08,-2.521426936,0.895557942,1.348437625
1397-05-09,-3.710713918,0.907338429,1.371119553
1397-05-10,-2.266534366,0.914056915,1.435734018
1397-05-13,-0.324117801,0.926290092,1.447145296
1397-05-14,-3.239422864,0.928238355,1.443963761
1397-05-15,-3.729035455,0.937700415,1.480101379
1397-05-16,-0.191898009,0.904783187,1.531695194
1397-05-17,1.556239113,0.910022325,1.529330537
1397-05-20,1.92517213,1.008176429,1.56595872
1397-05-21,-0.686017482,1.074669044,1.607745448
1397-05-22,1.067400778,1.07836827,1.60132875
1397-05-23,-1.853972002,1.111875978,1.621010472
1397-05-24,0.344906285,1.119963738,1.6168949
1397-05-27,-0.808285831,1.124217323,1.620441253
1397-05-28,-2.120500409,1.125362362,1.609655082
1397-05-29,-2.002883909,1.221132976,1.600570489
1397-05-30,0.118474302,1.206689942,1.601777419
1397-06-03,0.41514548,1.200178924,1.60521682
1397-06-04,-1.628983447,1.167642236,1.596032323
1397-06-05,-1.238202098,1.161389641,1.591355477
1397-06-06,2.557785362,1.16289849,1.586972645
1397-06-07,-0.515246458,1.384872574,1.672266118
1397-06-10,0.996199144,1.384141087,1.668615079
1397-06-11,1.804146853,1.417885033,1.68992074
1397-06-12,-1.176287733,1.532212712,1.737207468
1397-06-13,-1.995369992,1.514275494,1.734021751
1397-06-14,0.195576381,1.497920312,1.733769513
1397-06-17,-1.380623344,1.490382539,1.737619999
1397-06-18,-1.848964432,1.494664058,1.724132289
1397-06-19,-3.294734229,1.494025261,1.711689812
1397-06-20,-1.068363748,1.450315028,1.739257776
1397-06-21,-4.271185211,1.4745234,1.724152846
1397-06-24,-1.952994617,1.421775807,1.762172739
1397-06-25,1.535259168,1.418760098,1.749800219
1397-06-26,-1.505340552,1.492082685,1.777828133
1397-06-27,0.471274548,1.486537089,1.768455454
1397-06-31,-2.019467315,1.481889537,1.776944732
1397-07-01,-2.785042767,1.485985866,1.765130975
1397-07-02,-2.129318728,1.434678372,1.749912603
1397-07-03,-3.49263408,1.441869031,1.738535066
1397-07-04,-3.387986603,1.446805444,1.755513116
1397-07-07,-3.67961777,1.467912098,1.767392749
1397-07-08,-4.025482976,1.44715825,1.769565417
1397-07-09,-0.19263458,1.491892568,1.778133619
1397-07-10,3.763829649,1.439694543,1.770761176
1397-07-11,1.444629152,1.6606537,1.907929873
1397-07-14,0.79758136,1.698059673,1.931698967
1397-07-15,4.253457907,1.767629136,1.943149796
1397-07-16,0.701870233,2.150916124,2.104919896
1397-07-17,-3.180927512,2.137326793,2.124386551
1397-07-18,-0.092908019,1.979044462,2.124822694
1397-07-21,3.360924026,1.978470042,2.12652846
1397-07-22,0.118104601,2.141002613,2.235409603
1397-07-23,-3.249946503,2.138429537,2.244359594
1397-07-24,-1.22862377,2.152069144,2.246727142
1397-07-25,-0.051946178,2.182057572,2.235348192
1397-07-28,-3.0401402,2.17514563,2.237064296
1397-07-29,-0.456174613,2.466862981,2.232690691
1397-07-30,0.879658731,2.178176334,2.227966134
1397-08-01,1.318816126,2.412748236,2.245224313
1397-08-02,2.324857758,2.227733077,2.276713338
1397-08-05,1.232964764,2.495238892,2.34122778
1397-08-06,-0.993475744,2.334483053,2.363702444
1397-08-07,-1.425130978,2.342936832,2.351619743
1397-08-09,-0.08063575,2.517993079,2.337116992
1397-08-12,-0.044436436,2.512974832,2.338454284
1397-08-13,0.289436435,2.351191258,2.343034612
1397-08-14,-0.676261382,2.529946599,2.348509095
1397-08-15,-0.509452161,2.512437442,2.341506808
1397-08-19,0.470743278,2.519635015,2.332245127
1397-08-20,1.952819447,2.525163071,2.33927188
1397-08-21,-0.850644459,2.558839058,2.392414762
1397-08-22,-0.5475846,2.569457206,2.389745869
1397-08-23,0.6669676,2.398024799,2.383465276
1397-08-26,1.759956916,2.388856411,2.406201378
1397-08-27,2.986568981,2.629566271,2.456016883
1397-08-28,-1.293072856,2.545208624,2.545586478
1397-08-29,-0.364601716,2.523578503,2.540904381
1397-08-30,0.423373423,2.764318396,2.543715788
1397-09-03,2.571170912,2.500146291,2.553512182
1397-09-05,2.836534514,2.558142355,2.588444693
1397-09-06,-0.441343831,2.607552195,2.618335725
1397-09-07,2.071367724,2.609252095,2.615674978
1397-09-10,2.421617973,2.582002534,2.598892183
1397-09-11,-2.033988576,2.663030608,2.664778143
1397-09-12,-1.922031078,2.661449403,2.664039419
1397-09-13,0.363066017,2.654240106,2.657021715
1397-09-14,-0.696655289,2.636860952,2.638478399
1397-09-17,-0.133615517,2.642498263,2.629047023
1397-09-18,0.114978885,2.900477614,2.627354149
1397-09-19,-0.014798966,2.625889464,2.606464656
1397-09-20,0.408764286,2.622143092,2.597904399
1397-09-21,0.532531022,2.615583298,2.591106154
1397-09-24,0.525228743,2.619676569,2.599834263
1397-09-25,1.703199415,2.621551704,2.603530823
1397-09-26,1.218339081,2.655462454,2.638379846
1397-09-27,0.378493398,2.667456776,2.665756964
1397-09-28,1.943533489,2.663024403,2.676488883
1397-10-01,0.986829464,2.897941674,2.715282447
1397-10-02,-1.377267876,2.708096613,2.728558272
1397-10-03,-0.503028327,2.714722433,2.723438862
1397-10-04,0.339467108,2.72003873,2.718165092
1397-10-05,-0.947013045,2.717502975,2.722948041
1397-10-08,-1.460032696,2.713629771,2.716572401
1397-10-09,-0.332708751,2.719900421,2.716185667
1397-10-10,-0.059185333,2.703520746,2.716302083
1397-10-11,-0.269454303,2.695410018,2.700550144
1397-10-12,0.583691857,2.684880148,2.702040399
1397-10-15,-0.12950059,2.683580374,2.71384579
1397-10-16,-0.104471955,2.674193911,2.703432749
1397-10-17,-0.647593081,2.667503588,2.68180029
1397-10-18,-1.007453414,2.67137336,2.678398555
1397-10-19,-0.52445918,2.655571397,2.642585634
1397-10-22,-0.060953552,2.905509325,2.598123717
1397-10-23,0.264765562,2.612147186,2.603317309
1397-10-24,-0.12308995,2.598049619,2.588897368
1397-10-25,-0.453805643,2.968743251,2.593294325
1397-10-26,-0.090321281,2.961630455,2.584346455
1397-10-29,-0.323218744,2.99066998,2.589744657
1397-10-30,0.335236737,2.98344877,2.590028363
1397-11-01,2.230889536,2.554809268,2.598386624
1397-11-02,-0.544149228,2.614630632,2.645438446
1397-11-03,-0.083009313,2.616883478,2.635303578
1397-11-06,0.284802773,2.604393501,2.64012294
1397-11-07,1.039061179,2.595052573,2.650065203
1397-11-08,0.611199964,2.533150313,2.60749706
1397-11-09,-0.209268911,2.53406044,2.620450003
1397-11-10,-0.088563545,2.521450711,2.602621768
1397-11-13,0.274558716,2.47779283,2.565921112
1397-11-14,1.576398629,2.468809747,2.575930132
1397-11-15,-0.436717222,2.489034767,2.608010488
1397-11-16,-0.221402001,2.491641058,2.601877373
1397-11-17,-0.089168045,2.480938969,2.605505407
1397-11-21,0.042460073,2.466681688,2.607871658
1397-11-23,0.312791087,2.451293262,2.589792053
1397-11-24,0.420256508,2.442909227,2.598814374
1397-11-27,0.125435574,2.438450046,2.554842189
1397-11-28,0.612000687,2.422715138,2.555414263
1397-11-29,-0.351659139,2.392569183,2.53631886
1397-11-30,-0.434522223,2.381014066,2.536272213
1397-12-01,-1.326717201,2.380675108,2.527427274
1397-12-04,-2.951993354,2.377413112,2.521993937
1397-12-05,-1.067227894,2.377351299,2.525393657
1397-12-06,-0.458681806,2.372316207,2.51774505
1397-12-07,1.255741137,2.904698225,2.482234744
1397-12-08,-0.35326528,2.879715825,2.469552373
1397-12-11,0.561055195,2.850740583,2.422374932
1397-12-12,-0.044037189,2.397570346,2.366146768
1397-12-13,0.124193269,2.395997004,2.367072192
1397-12-14,1.006641262,2.248674002,2.252656528
1397-12-15,-0.143629398,2.231539872,2.242490262
1397-12-18,-0.110485515,2.217879883,2.231049271
1397-12-19,-0.893562972,2.418729203,2.079114855
1397-12-20,-1.748527786,2.421062195,2.067206631
1397-12-21,-0.321044223,2.398253905,2.032919447
1397-12-22,-0.715557854,2.39678963,2.031583433
1397-12-25,-1.18117858,2.239344783,1.921703964
1397-12-26,-0.813396351,2.231961317,1.919273969
1397-12-27,-1.938116691,1.952127441,1.871806049
1397-12-28,-1.55706911,1.948798328,1.881467865
1398-01-05,-0.299117124,1.959985146,1.884797699
1398-01-06,-0.318753827,1.969366817,1.843997028
1398-01-07,-0.983100497,1.967372851,1.844438954
1398-01-10,-2.079985501,1.958603128,1.82906662
1398-01-11,0.041495892,1.92704181,1.815993062
1398-01-17,-0.674743817,1.839439318,1.754157372
1398-01-18,-0.82128695,1.808430159,1.727034654
1398-01-19,-0.275575444,1.806555355,1.726468543
1398-01-20,-0.966874796,1.795118556,1.723490793
1398-01-21,-1.848735574,1.806012632,1.72149312
1398-01-24,-0.629220871,1.816611908,1.728287256
1398-01-25,-0.450514298,1.818098967,1.720967494
1398-01-26,-2.87622,1.814568624,1.721468352
1398-01-27,-0.042110833,1.809077737,1.75440369
1398-01-28,0.9853189,1.799605264,1.747272648
1398-01-31,-2.208424137,1.75555317,1.716215036
1398-02-02,0.026082874,1.757104178,1.73098392
1398-02-03,0.71934187,1.753662871,1.735246346
1398-02-04,-0.452200584,1.755696701,1.736346286
1398-02-07,-0.73851806,1.693617129,1.690641577
1398-02-08,-1.908960867,1.570364663,1.585201337
1398-02-09,-2.652146727,1.571584979,1.592535241
1398-02-10,-0.82241971,1.577453682,1.615378687
1398-02-11,-1.587665661,1.575310717,1.603475571
1398-02-14,-2.015185849,1.774630611,1.519796219
1398-02-15,0.237291398,1.354032061,1.423578028
1398-02-16,3.745431569,1.356355831,1.432005045
1398-02-17,3.596227986,1.781258539,1.527899861
1398-02-18,-1.500238367,1.522450006,1.594577562
1398-02-21,1.041248507,1.521242437,1.58817926
1398-02-22,2.461548374,1.542385665,1.60793583
1398-02-23,-1.788397457,1.639518897,1.676395787
1398-02-24,-1.904571559,1.649113421,1.68167862
1398-02-25,0.34468421,1.664461653,1.684209729
1398-02-28,-0.816446648,1.669257524,1.687858529
1398-02-29,-0.048778288,1.675326998,1.682198305
1398-02-30,0.461383667,1.666248148,1.675190215
1398-02-31,-1.508308112,1.663910236,1.6737879
1398-03-01,-0.035792295,1.663731723,1.661021784
1398-03-04,0.397874433,1.595862095,1.617935358
1398-03-05,-1.50954004,1.561051567,1.597630965
1398-03-07,-2.577067795,1.564594929,1.586688093
1398-03-08,-0.54631202,1.490885934,1.542865075
1398-03-11,0.934965633,1.455919643,1.515880948
1398-03-12,-0.96507557,1.478802357,1.542211801
1398-03-13,-1.08034266,1.484630066,1.540319936
1398-03-18,0.041950191,1.483248989,1.527114001
1398-03-19,-1.279027371,1.478646945,1.535207416
1398-03-20,-0.199488629,1.476886457,1.53435407
1398-03-21,-0.15179488,1.476606884,1.535778083
1398-03-22,-1.179097753,1.475990023,1.534580356
1398-03-25,-0.348605387,1.485951136,1.53062233
1398-03-26,-1.715793067,1.466406673,1.515483038
1398-03-27,0.024980011,1.480594851,1.512497237
1398-03-28,0.426039374,1.482507258,1.514346318
1398-03-29,0.961307123,1.492679677,1.528530564
1398-04-01,0.423794621,1.51952318,1.556508229
1398-04-02,-1.51645224,1.528550752,1.5694289
1398-04-03,-2.128372858,1.586172497,1.564344408
1398-04-04,-1.037849087,1.587145327,1.559950315
1398-04-05,-1.409488845,1.583714666,1.553670819
1398-04-09,0.018024151,1.585779496,1.551532963
1398-04-10,0.56914684,1.587795109,1.553094343
1398-04-11,-0.465646269,1.791039833,1.567805086
1398-04-12,-0.268734378,1.593476818,1.556643159
1398-04-15,1.415263749,1.696491172,1.485389397
1398-04-16,-0.407365497,1.746905878,1.526854236
1398-04-17,-1.131785103,1.742953073,1.523065352
1398-04-18,0.215475474,1.7303952,1.509809098
1398-04-19,-0.36360889,1.703292335,1.490113214
1398-04-22,-0.392982014,1.501098181,1.473379132
1398-04-23,-1.179268492,1.498898861,1.471286584
1398-04-24,0.108309435,1.493774901,1.463781665
1398-04-25,2.816680506,1.48951369,1.460730775
1398-04-26,-0.211861349,1.553111698,1.517206744
1398-04-29,0.143138753,1.552884634,1.519688135
1398-04-30,-1.299839506,1.557645242,1.525097675
1398-04-31,-1.350756854,1.567104459,1.51775151
1398-05-01,0.705287961,1.575115505,1.508298218
1398-05-02,-0.629307776,1.590017311,1.517105048
1398-05-05,0.233281968,1.578253482,1.502137307
1398-05-06,-0.019540226,1.581204723,1.504092869
1398-05-07,-0.064816083,1.561433929,1.491621271
1398-05-08,-0.162172979,1.563203933,1.495350537
1398-05-09,-0.61008129,1.563399688,1.498551302
1398-05-12,-0.00322264,1.55467621,1.500468051
1398-05-13,-0.422092217,1.55275578,1.486948617
1398-05-14,-0.456047351,1.545168884,1.49024521
1398-05-15,0.46317005,1.545196544,1.490268986
1398-05-16,0.136564292,1.507867856,1.468630553
1398-05-19,-0.056066013,1.512879591,1.475458796
1398-05-20,-0.222934128,1.494025857,1.463753448
1398-05-22,-0.476048975,1.49273696,1.461309082
1398-05-23,-1.656505994,1.488077019,1.453429425
1398-05-26,-0.005470571,1.45924067,1.423407865
1398-05-27,0.158423365,1.461079763,1.425472234
1398-05-28,-0.74399169,1.466737063,1.429851811
1398-05-30,-1.204471756,1.464823476,1.430524072
1398-06-02,-1.439608622,1.460087421,1.427931956
1398-06-03,0.282190067,1.472175164,1.423891588
1398-06-04,-2.075623163,1.479520799,1.436760244
1398-06-05,-1.300516738,1.48388496,1.442782478
1398-06-06,-0.07358949,1.490034445,1.442131055
1398-06-09,-1.941838949,1.477051896,1.445731977
1398-06-10,-0.692886996,1.478036448,1.449005609
1398-06-11,1.072470101,1.480950553,1.445481151
1398-06-12,-0.883136134,1.525080965,1.474604508
1398-06-13,-1.599646165,1.523862501,1.474882665
1398-06-16,-1.512768424,1.523747257,1.470189452
1398-06-17,-0.720476542,1.53395266,1.461616063
1398-06-20,-1.072274745,1.534530142,1.461334688
1398-06-23,-1.498859611,1.537768715,1.460645829
1398-06-24,0.680361945,1.549977769,1.456149154
1398-06-25,-1.157805247,1.567587799,1.478958876
1398-06-26,1.261564237,1.56307386,1.475557535
1398-06-27,2.655256122,1.612338521,1.512980597
1398-06-30,-1.19823181,1.739703983,1.605449395
1398-06-31,-1.464141329,1.747814925,1.584679867
1398-07-01,-3.05375153,1.760238329,1.578096415
1398-07-02,-0.235730764,1.722728631,1.572828903
1398-07-03,-0.703049436,1.711813472,1.570817455
1398-07-06,-1.770035829,1.712745752,1.56310518
1398-07-07,0.555655776,1.700576907,1.542438314
1398-07-08,-2.008072682,1.718971127,1.558603995
1398-07-09,-0.427840678,1.72857737,1.562083987
1398-07-10,-0.005856962,1.715539451,1.562004632
1398-07-13,-0.363807613,1.712237696,1.555201968
1398-07-14,2.192286827,1.707688752,1.558415962
1398-07-15,-0.218774132,1.793771791,1.629039747
1398-07-16,2.027172905,1.780360953,1.628080432
1398-07-17,0.452799885,1.862605428,1.679969743
1398-07-20,-2.837719534,1.68731789,1.540150104
1398-07-21,-1.274524365,1.667517349,1.408631697
1398-07-22,1.956282096,1.664017294,1.407656672
1398-07-23,3.464667549,1.706239838,1.441461317
1398-07-24,-0.213831143,1.611974144,1.498454488
1398-07-28,2.700254431,1.599146938,1.500253986
1398-07-29,-0.259127509,1.713546846,1.592673276
1398-07-30,-2.012163129,1.70385247,1.58370336
1398-08-01,0.816551724,1.711254467,1.589442528
1398-08-04,0.773995284,1.738129669,1.606345507
1398-08-06,-0.827053791,1.750263033,1.613399286
1398-08-08,-1.199238843,1.742312381,1.612393531
1398-08-11,0.30113632,1.752013299,1.605478451
1398-08-12,-0.074697534,1.749116153,1.603638438
1398-08-13,1.39641737,1.736404909,1.608776748
1398-08-14,-0.215308135,1.784119721,1.632326368
1398-08-18,-0.172024517,1.781448288,1.635133512
1398-08-19,1.006754536,1.749798356,1.614182771
1398-08-20,-0.378746379,1.776273586,1.641694055
1398-08-21,-0.888051255,1.767121069,1.644180311
1398-08-22,-0.142989981,1.7725905,1.636986519
1398-08-25,0.067852387,1.760106458,1.64128832
1398-08-26,1.492149497,1.762548293,1.644632848
1398-08-27,-0.127490052,1.818623328,1.681423022
1398-08-28,-0.646084628,1.807181808,1.685865036
1398-08-29,-0.101199726,1.810725167,1.683995812
1398-09-02,-0.204873974,1.796478177,1.684947391
1398-09-03,-0.049558675,1.795150135,1.682270025
1398-09-04,-0.880166763,1.784352538,1.674897903
1398-09-05,-0.37730552,1.759156798,1.649772361
1398-09-06,-0.511152017,1.746679111,1.638883889
1398-09-09,-1.073101835,1.733803484,1.638161735
1398-09-10,-1.289412525,1.732348492,1.628555866
1398-09-11,-0.477190698,1.735787119,1.629343836
1398-09-12,-0.193320218,1.722782812,1.629236145
1398-09-13,-0.532688136,1.72006524,1.62673909
1398-09-16,-1.567940707,1.701498941,1.611981515
1398-09-17,-1.497289375,1.715769958,1.613055134
1398-09-18,-0.964997572,1.731168763,1.611693137
1398-09-19,-1.078878234,1.680977756,1.571691562
1398-09-20,0.014083241,1.690866169,1.569359899
1398-09-23,-1.144094378,1.682580402,1.576259927
1398-09-24,-0.239538007,1.685143777,1.566253775
1398-09-25,-0.108190118,1.684693259,1.567460146
1398-09-26,-0.689399242,1.6848578,1.570424698
1398-09-27,-0.990235622,1.67702645,1.5708045
1398-09-30,-1.043314681,1.68004553,1.562312851
1398-10-01,-0.766665291,1.556747492,1.458154875
1398-10-02,-0.738573245,1.561256653,1.45393026
1398-10-03,-0.802027733,1.557229311,1.444673752
1398-10-04,0.323745005,1.549632744,1.444457069
1398-10-07,-1.795990614,1.551398706,1.456560704
1398-10-08,-0.569002921,1.535006194,1.439492257
1398-10-09,-1.56127547,1.534384094,1.439867173
1398-10-10,-0.389311488,1.53668284,1.430170379
1398-10-11,-1.862328532,1.532958254,1.425650621
1398-10-14,4.462983357,1.543669484,1.423130387
1398-10-15,0.414295245,1.761917121,1.62887
1398-10-17,1.924358367,1.78047539,1.642183581
1398-10-18,1.413197908,1.864116733,1.693513179
1398-10-21,-1.681534309,1.925636938,1.730533034
1398-10-22,-4.308950294,1.94144159,1.730530407
1398-10-23,-4.270140295,1.89358276,1.778576615
1398-10-24,-0.983368565,1.839823838,1.824603746
1398-10-25,-0.888335486,1.831034038,1.816800958
1398-10-28,-2.598885742,1.825155232,1.81142215
1398-10-29,-0.1783937,1.843069292,1.818207256
1398-10-30,0.21613598,1.845189635,1.82425427
1398-11-01,0.931318875,1.850851908,1.827773038
1398-11-02,-1.273260013,1.907569836,1.843932415
1398-11-05,-1.398309747,1.873824831,1.842401835
1398-11-06,-0.313798272,1.918375791,1.842487617
1398-11-07,-0.561516314,1.906606352,1.847450454
1398-11-08,-1.526649965,1.861449462,1.836547834
1398-11-12,0.223713399,1.853326838,1.833060411
1398-11-13,-0.475678678,1.893578077,1.845553317
1398-11-14,-2.459640645,1.861787301,1.841047608
1398-11-15,-0.300064167,1.887352567,1.84681497
1398-11-16,-1.285435531,1.886258033,1.850226137
1398-11-19,-1.546246137,1.850068315,1.818808914
1398-11-20,-0.391466445,1.83779962,1.818405926
1398-11-21,1.656024779,1.845949205,1.822178999
1398-11-23,-2.632525759,1.904991466,1.87060185
1398-11-26,-0.631616704,1.916005889,1.880036454
1398-11-27,-2.302671347,1.910069127,1.882085748
1398-11-28,-0.855725529,1.912340306,1.887932181
1398-11-29,0.98897135,1.886592419,1.867169194
1398-11-30,-1.395640863,1.919919781,1.896190447
1398-12-03,-0.633449264,1.878440085,1.859663326
1398-12-04,-3.48897556,1.757201581,1.77223051
1398-12-05,-0.963722961,1.756936869,1.799432897
1398-12-06,-2.891278968,1.749476252,1.800119148
1398-12-07,-1.024257878,1.750784903,1.797055265
1398-12-10,3.506398144,1.754768665,1.79070593
1398-12-11,-1.915576375,1.917518816,1.920243886
1398-12-12,-2.631109166,1.918444583,1.921070468
1398-12-13,-2.777593324,1.910109909,1.910180833
1398-12-14,-1.988413032,1.910981608,1.918734296
1398-12-17,1.083468711,1.927911203,1.915647785
1398-12-19,2.733134091,1.968308809,1.938412046
1398-12-20,2.756908764,2.091782325,2.023285962
1398-12-21,-0.070092174,2.119752368,2.046152238
1398-12-24,3.416448977,2.122637221,2.048080532
1398-12-25,1.671511137,2.191171063,2.107203125
1398-12-26,-2.333792916,2.241210947,2.137714922
1398-12-27,0.723863471,2.19330432,2.131500037
1398-12-28,-2.062613959,2.262700459,2.153774487
1399-01-05,0.829910339,2.1978479,2.099406655
1399-01-06,-2.448096352,2.072279383,2.002211864
1399-01-09,-2.136667882,2.089250663,2.000536355
1399-01-10,-2.434623676,1.98391932,1.912753887
1399-01-11,-0.367527256,2.000821803,1.910097406
1399-01-16,-3.545772193,1.984873126,1.914913825
1399-01-17,-1.135249551,1.96126629,1.90944342
1399-01-18,0.739839417,1.931584651,1.88259973
1399-01-19,-2.378017671,1.963689024,1.906911884
1399-01-20,-2.349839863,1.976294292,1.910188284
1399-01-23,-1.759553118,1.978617678,1.895802184
1399-01-24,-2.502559901,1.986439503,1.884398843
1399-01-25,-0.203351873,1.942930534,1.842203078
1399-01-26,-0.300606844,1.943130021,1.842377468
1399-01-27,-3.042875566,1.940939389,1.840537221
1399-01-30,-3.521100542,1.910878485,1.814569807
1399-01-31,-3.11024248,1.923659057,1.823223882
1399-02-01,-2.710283184,1.940476754,1.829518506
1399-02-02,-2.389023792,1.954572558,1.821178985
1399-02-03,-2.151930565,1.960909043,1.806003019
1399-02-06,-3.631791273,1.903923343,1.752154492
1399-02-07,-3.629922803,1.910478318,1.753408186
1399-02-08,-2.804575634,1.925528411,1.760752674
1399-02-09,-3.054260139,1.935943254,1.748320321
1399-02-10,-3.72987557,1.948487144,1.73927605
1399-02-13,-4.378838242,1.95217116,1.735466485
1399-02-14,-4.141676024,1.959998528,1.754734352
1399-02-15,-2.367220387,1.969072699,1.760330568
1399-02-16,-0.149596155,1.98200994,1.748409368
1399-02-17,0.270381317,1.985697595,1.76142426
1399-02-20,-4.233977498,2.007678323,1.784679567
1399-02-21,-2.232739699,2.25408303,1.79164278
1399-02-22,-0.431436932,2.256307982,1.77367238
1399-02-23,2.543911893,2.251732502,1.775241676
1399-02-24,0.37101565,2.389223552,1.87364812
1399-02-27,3.011222719,2.407120045,1.900221776
1399-02-28,1.944389175,2.551426866,2.010568184
1399-02-29,-2.721673744,2.648137755,2.077327451
1399-02-30,-0.69532972,2.655250695,2.058757424
1399-02-31,1.545148739,2.664934659,2.063501317
1399-03-03,2.76590174,2.465321041,2.105930522
1399-03-06,3.574927577,2.581973209,2.189416626
1399-03-07,-1.332605762,2.748320981,2.314258235
1399-03-10,-3.654837259,2.750797943,2.311560859
1399-03-11,0.317052405,2.763856046,2.315554164
1399-03-12,-1.808310405,2.773167028,2.332397651
1399-03-13,-4.008870589,2.780802267,2.324720652
1399-03-17,-3.843950863,2.791941665,2.329900926
1399-03-18,-4.334054285,2.795669943,2.313933956
1399-03-19,-0.24386405,3.040709282,2.329195048
1399-03-20,0.070995919,2.800318951,2.333979977
1399-03-21,-3.130965845,3.020401632,2.353605554
1399-03-24,-3.087731499,3.024391963,2.341982457
1399-03-25,0.373514325,3.022411971,2.343301959
1399-03-26,-1.230647498,2.744258947,2.191762488
1399-03-27,-2.434354835,2.763818084,2.166475449
1399-03-31,-3.276178981,2.722155765,2.092985069
1399-04-01,-2.347874173,2.688598153,2.037531002
1399-04-02,-3.085782951,2.704851736,2.03531182
1399-04-03,-3.619404364,2.699468916,2.022745946
1399-04-04,-2.023076536,2.69404322,2.014630536
1399-04-07,-3.245493776,2.51186876,2.007002411
1399-04-08,-1.734216602,2.523282813,2.000144959
1399-04-09,0.67180816,2.517654511,2.002022125
1399-04-10,-4.286667068,2.53523362,2.020401843
1399-04-11,-4.18174097,2.536705474,2.005321992
1399-04-14,-0.521996224,2.712618983,1.969364873
1399-04-15,-2.0805549,2.515174231,1.979133069
1399-04-16,-3.730409228,2.691723941,1.974838051
1399-04-17,-1.658037709,2.709567568,1.960424013
1399-04-18,-0.375020285,2.532282098,1.947675156
1399-04-21,0.703242515,2.531222975,1.962510574
1399-04-22,-4.023358713,2.729329337,1.974015138
1399-04-23,-0.508402063,2.706329681,1.964431356
1399-04-24,-1.244862531,2.70686217,1.981573862
1399-04-25,0.173959412,2.717699176,1.968035629
1399-04-28,1.782010088,2.709450744,1.991393945
1399-04-29,-3.040646097,2.7504397,2.061372193
1399-04-30,-3.156969867,2.759609805,2.043509707
1399-04-31,0.450451775,2.7336224,1.973731306
1399-05-01,0.788348578,2.719353496,2.010506169
1399-05-04,-2.686307444,2.722073641,2.040052343
1399-05-05,0.350028911,2.73220548,2.039717793
1399-05-06,0.626318116,2.712136755,2.061581261
1399-05-07,-0.374589248,2.710512826,2.052056922
1399-05-08,1.917579512,2.6921977,2.065538792
1399-05-11,-2.964438509,2.737162136,2.128658249
1399-05-12,-2.51212128,2.742221277,2.126074902
1399-05-13,0.908106877,2.73091637,2.11607455
1399-05-14,-0.085458163,2.743032504,2.161901466
1399-05-15,-1.943262852,2.741889664,2.176170956
1399-05-19,-2.157006145,2.567933776,2.0360938
1399-05-20,0.648341972,2.577622209,2.035081972
1399-05-21,3.211669848,2.5573696,2.075111453
1399-05-22,1.227787101,2.687013575,2.201603032
1399-05-25,3.721880798,2.68708121,2.253398374
1399-05-26,4.827729113,2.799557052,2.350065358
1399-05-27,-0.120628659,2.967995735,2.446447966
1399-05-28,-0.527219902,2.867872496,2.366071501
1399-05-29,3.803514266,2.97153064,2.358625788
1399-06-01,1.721378099,2.897740531,2.3760513
1399-06-02,3.837317842,2.900003216,2.377591716
1399-06-03,3.279836969,3.060566226,2.523041877
1399-06-04,-2.54492148,3.177741607,2.604546674
1399-06-05,-4.081457893,3.180335024,2.60393055
1399-06-10,-0.536838344,3.18174419,2.573234674
1399-06-11,2.534618951,3.169238213,2.58717247
1399-06-12,3.186862114,3.234621918,2.675441357
1399-06-15,-0.614941266,3.325450935,2.785928406
1399-06-16,-0.351031939,3.327074472,2.782595683
1399-06-17,2.493940963,3.312828768,2.793412054
1399-06-18,2.340862141,3.368775069,2.870194033
1399-06-19,0.878343785,3.414345967,2.912974951
1399-06-22,-1.749917482,3.404682268,2.948888066
1399-06-23,0.351904162,3.401757683,2.950162934
1399-06-24,-1.845567506,3.389088124,2.973655685
1399-06-25,-3.484616978,3.386132562,2.974381377
1399-06-26,-2.346157113,3.457007586,2.963122163
1399-06-29,0.271154039,3.513796444,2.94855273
1399-06-30,2.820121923,3.447501347,2.970623579
1399-06-31,3.515523309,3.446843679,3.054987622
1399-07-01,0.880264039,3.530402692,3.164561908
1399-07-02,-1.904514852,3.51601986,3.196079846
1399-07-05,-0.24472035,3.461755892,3.196316032
1399-07-06,2.802256347,3.454411435,3.209076655
1399-07-07,3.561214352,3.507472544,3.283841776
1399-07-08,1.528191577,3.587068871,3.382255663
1399-07-09,-0.699983962,3.58732812,3.422727181
1399-07-12,-2.802397398,3.576109128,3.425006541
1399-07-13,1.510147705,3.573469116,3.4172455
1399-07-14,2.177724509,3.575936154,3.437832645
1399-07-15,-1.632392349,3.591015371,3.476332037
1399-07-16,-1.702064741,3.588880129,3.475592201
1399-07-19,-0.072849424,3.597174286,3.46588337
1399-07-20,-3.524003554,3.597848032,3.461346457
1399-07-21,1.109242541,3.598503112,3.451662826
1399-07-22,-0.010660984,3.592132933,3.480475273
1399-07-23,1.16264069,3.589865448,3.485021888
1399-07-27,3.06580403,3.557941237,3.450597799
1399-07-28,3.493607579,3.614429056,3.515087655
1399-07-29,2.983152327,3.693409305,3.531517571
1399-07-30,0.490921506,3.669941596,3.561253505
1399-08-03,2.749034273,3.658247191,3.575714322
1399-08-05,2.764861889,3.684680603,3.639858237
1399-08-06,2.619591693,3.708119785,3.671463209
1399-08-07,1.05762388,3.704069684,3.667160524
1399-08-10,-1.354426862,3.67338197,3.598940733
1399-08-11,2.013865621,3.673319902,3.598881077
1399-08-12,1.209373409,3.637680729,3.633180099
1399-08-14,-2.042599358,3.636565842,3.647903444
1399-08-17,2.168461701,3.636195083,3.648283101
1399-08-18,1.786673925,3.638853519,3.678772253
1399-08-19,2.065474496,3.634194411,3.700021583
1399-08-20,0.26555932,3.631842501,3.716598964
1399-08-21,-0.750808289,3.666562464,3.721814641
1399-08-24,-2.152968618,3.632445073,3.715385145
1399-08-25,-0.775067861,3.635104524,3.707429772
1399-08-26,-1.302963645,3.637462596,3.699560878
1399-08-27,-1.797166233,3.645989995,3.68817424
1399-08-28,-3.66049591,3.646548603,3.68843368
1399-09-01,-1.566040812,3.643304727,3.701952165
1399-09-02,0.564157128,3.694133792,3.690511794
1399-09-03,-1.221041237,3.695029589,3.701470746
1399-09-04,1.349091925,3.64187998,3.691552373
1399-09-05,-0.744413844,3.635643593,3.699243318
1399-09-08,-1.70590183,3.635620221,3.698597497
1399-09-09,-2.590964001,3.638871351,3.685479269
1399-09-10,-2.675155087,3.63675414,3.690894965
1399-09-11,-0.523330119,3.643109183,3.683405917
1399-09-12,0.182514263,3.649705326,3.653503103
1399-09-15,-1.33013317,3.647849064,3.629156195
1399-09-16,-2.152306733,3.649664866,3.627440392
1399-09-17,0.673032755,3.648764122,3.627917729
1399-09-18,0.357119753,3.643661065,3.61671391
1399-09-19,0.085037879,3.696564343,3.624215158
1399-09-22,-1.399944826,3.701560557,3.627635686
1399-09-23,0.768428924,3.642813352,3.615092406
1399-09-24,2.106835302,3.694476062,3.596479746
1399-09-25,3.834613549,3.622813224,3.633932394
1399-09-26,1.053194766,3.693741082,3.724189927
1399-09-29,-2.208797784,3.741610851,3.73505543
1399-09-30,0.402351404,3.694958915,3.710171695
1399-10-01,0.18995547,3.75614983,3.70287549
1399-10-02,-0.59527584,3.751432392,3.690247517
1399-10-03,-0.203699894,3.752749176,3.683002263
1399-10-06,1.695685619,3.711596221,3.673267054
1399-10-07,0.320652301,3.706366362,3.689041445
1399-10-08,-1.274391595,3.705561624,3.688751799
1399-10-09,1.77980588,3.713918785,3.679587485
1399-10-10,1.000970682,3.703950504,3.707078867
1399-10-13,3.172575926,3.70320815,3.690060653
1399-10-14,-0.088879929,3.728388545,3.738468934
1399-10-15,-1.401719698,3.729720108,3.730220723
1399-10-16,1.780048765,3.739476316,3.71913528
1399-10-17,2.967340086,3.730795642,3.744075281
1399-10-20,1.915096539,3.738087324,3.795618793
1399-10-21,-1.599123392,3.73198786,3.816868637
1399-10-22,0.40607487,3.736423477,3.811518276
1399-10-23,3.169846792,3.710278546,3.754190454
1399-10-24,2.48037356,3.739662814,3.799876845
1399-10-27,3.569545014,3.683896528,3.76193558
1399-10-29,3.122820817,3.573787814,3.712198126
1399-10-30,-0.042851997,3.5873632,3.771055651
1399-11-01,-2.849402875,3.585887479,3.772938409
1399-11-04,-3.166650909,3.521136629,3.705533471
1399-11-05,-1.016597306,3.557165852,3.699923321
1399-11-06,-0.099225192,3.46001155,3.611299805
1399-11-07,1.693353898,3.427797185,3.543371696
1399-11-08,0.605500256,3.420425163,3.560361865
1399-11-11,-3.214679643,3.414841404,3.527034183
1399-11-12,-0.311345117,3.410444856,3.549514888
1399-11-13,1.398504297,3.409135093,3.503342484
1399-11-14,2.31243946,3.366914895,3.456587542
1399-11-15,2.729343515,3.36487345,3.498351871
1399-11-18,3.263668164,3.403812471,3.550066308
1399-11-19,-3.05221053,3.40588904,3.573412982
1399-11-20,-1.879775517,3.405547476,3.55046347
1399-11-21,-1.800651478,3.412383682,3.54096353
1399-11-25,-3.863538888,3.412315931,3.541299431
1399-11-26,-0.16741722,3.415000473,3.567182267
1399-11-27,0.561735757,3.414901515,3.567114446
1399-11-28,0.911115345,3.412764749,3.551031897
1399-11-29,0.605861117,3.407325711,3.556092333
1399-12-02,0.456587779,3.404782267,3.559677314
1399-12-03,0.822851132,3.387112377,3.51119116
1399-12-04,0.667321012,3.319832886,3.44340621
1399-12-05,0.234110008,3.321423168,3.440447735
1399-12-06,0.48070079,3.317657137,3.441575574
1399-12-09,0.985281045,3.312155563,3.447589458
1399-12-10,0.706521006,3.345715564,3.405585779
1399-12-11,0.334777673,3.162411704,3.332849441
1399-12-12,-0.391576477,3.16602383,3.314270567
1399-12-13,0.707254493,3.16515949,3.315210731
1399-12-16,0.697945943,3.162145534,3.310126408
1399-12-17,-0.50070029,3.16186406,3.296387809
1399-12-18,-2.045346956,3.157111054,3.25678294
1399-12-19,-0.851303946,3.155309754,3.260198354
1399-12-20,0.270473197,3.155483912,3.257282608
1399-12-23,-1.847083973,3.153151966,3.260181169
1399-12-24,-1.277721666,3.323875806,3.233343574
1399-12-25,-0.72233679,3.300471296,3.217205607
1399-12-26,-2.850169595,3.295899817,3.214061859
1399-12-27,-1.32653181,3.298482249,3.212110922
1400-01-07,-0.141712642,3.140471022,3.142805845
1400-01-08,0.20438392,3.050664364,3.058053897
1400-01-10,0.283064147,2.991196521,2.993983288
1400-01-11,0.667673799,2.99253923,2.991406426
1400-01-14,0.898010563,2.936643913,2.94044118
1400-01-15,1.055475666,2.876691552,2.892001986
1400-01-16,0.532610272,2.822675267,2.850836324
1400-01-17,0.154514299,2.818867754,2.842012596
1400-01-18,0.866322931,2.80846142,2.847710634
1400-01-21,0.739879207,2.808384127,2.821512225
1400-01-22,0.794655944,2.770954379,2.812790483
1400-01-23,0.384065052,2.758967372,2.822525373
1400-01-24,-1.489353554,2.717258881,2.784370683
1400-01-25,0.096305533,2.701865772,2.748619727
1400-01-28,0.773226041,2.660857286,2.709053758
1400-01-29,0.731035852,2.661719438,2.716565694
1400-01-30,0.648820609,2.653654529,2.73081652
1400-01-31,-0.222913279,2.640167501,2.737148468
1400-02-01,1.033777382,2.635531477,2.739646154
1400-02-04,0.640405794,2.832325177,2.758145285
1400-02-05,0.963376561,2.863621525,2.766354311
1400-02-06,0.074658938,2.895513267,2.744740926
1400-02-07,-1.311868992,2.899493397,2.746140542
1400-02-08,-0.433109292,2.903668808,2.73752841
1400-02-11,1.124969143,2.907143993,2.737603104
1400-02-12,1.151590607,2.903055528,2.73293865
1400-02-13,1.160165463,2.893260834,2.752535746
1400-02-15,-0.446055822,2.913718207,2.767734105
1400-02-18,0.410305241,2.939433267,2.751297744
1400-02-19,1.34228768,2.593985308,2.738331544
1400-02-20,-0.501087978,2.614871845,2.759799594
1400-02-21,-1.869308798,2.61489261,2.756021123
1400-02-22,-0.37851944,2.620641079,2.761063144
1400-02-25,-0.471471166,2.605515765,2.750425614
1400-02-26,0.065976941,2.600160101,2.741048909
1400-02-27,1.197524346,2.598389359,2.738304958
1400-02-28,0.097556662,2.615653636,2.753742614
1400-02-29,1.603704594,2.609266027,2.754063988
1400-03-01,2.332630197,2.630400273,2.7702298
1400-03-02,1.815961324,2.63750285,2.777023667
1400-03-03,1.108863153,2.56930647,2.70276738
1400-03-04,-0.886496193,2.570673714,2.703800138
1400-03-05,-0.351688526,2.556317065,2.690974092
1400-03-08,-2.68470202,2.553895356,2.685583187
1400-03-09,-1.515303293,2.576731646,2.703522485
1400-03-10,0.955669523,2.583542697,2.707050235
1400-03-11,0.477134138,2.595018669,2.72011061
1400-03-12,-0.713579143,2.567253167,2.697242477
1400-03-17,-0.74269761,2.566592259,2.691719824
1400-03-18,-0.298567312,2.562906546,2.690007513
1400-03-19,0.762750043,2.528073362,2.658065466
1400-03-22,0.600079831,2.5229232,2.654014281
1400-03-23,0.326229942,2.446778912,2.581932697
1400-03-24,-0.783593468,2.449003362,2.585722894
1400-03-25,0.006468629,2.375895422,2.583192629
1400-03-26,0.213612712,2.345199095,2.551987459
1400-03-29,-1.243204001,2.248774695,2.481376488
1400-03-30,-0.148336785,2.477224911,2.443121487
1400-03-31,-0.420825037,2.207425451,2.441127247
1400-04-01,-1.550116533,2.213035064,2.434245726
1400-04-02,-2.177866098,2.10715297,2.349747797
1400-04-05,-1.690702501,2.205715528,2.298774105
1400-04-06,-0.384196848,1.887709538,2.18992947
1400-04-07,-0.429046388,1.756617642,2.096531512
1400-04-08,-0.377494782,1.758942223,2.093580814
1400-04-09,-0.675454007,1.759054492,2.070411684
1400-04-12,0.868236286,1.761451994,2.035497464
1400-04-13,0.192205876,1.758218308,2.052272334
1400-04-14,-0.86801833,1.75640694,2.055275268
1400-04-15,-2.10006437,1.720391331,2.016526949
1400-04-16,-0.066252526,1.726321474,2.014788214
1400-04-19,0.884672543,1.726159633,1.980219977
1400-04-20,-1.135543972,1.725570813,1.996527452
1400-04-21,-1.473609751,1.70786903,1.966903687
1400-04-22,0.034214822,1.624073027,1.906713631
1400-04-23,-0.123048138,1.500465769,1.827572727
1400-04-26,-0.439135483,1.341033272,1.715522212
1400-04-27,0.641431813,1.327682337,1.679374261
1400-04-28,-0.646388827,1.324842825,1.684176996
1400-05-04,-0.914628927,1.32647061,1.675556504
1400-05-05,0.640233867,1.328494625,1.597530812
1400-05-06,-0.12126563,1.324661397,1.60888215
1400-05-09,-2.623496666,1.328130054,1.599466321
1400-05-10,-0.645084611,1.325266569,1.609784695
1400-05-11,0.173015299,1.330334237,1.596497551
1400-05-12,-1.298845744,1.331414736,1.591975134
1400-05-13,-2.185314456,1.370394841,1.57602694
1400-05-16,-0.122389558,1.366836675,1.576395192
1400-05-17,-0.714868125,1.336365483,1.571885057
1400-05-18,-1.076085993,1.341426676,1.559786707
1400-05-19,-1.427797331,1.336508324,1.536166012
1400-05-20,-2.097489841,1.338908823,1.521359455
1400-05-23,0.257885093,1.341622192,1.52284894
1400-05-24,-1.282912675,1.337567173,1.530557067
1400-05-31,-1.036344549,1.340291019,1.513369135
1400-06-01,-0.024733858,1.343355794,1.494826197
1400-06-02,-1.799424489,1.340085093,1.499288386
1400-06-03,-0.437030441,1.340619333,1.495421685
1400-06-06,-1.63495913,1.339472014,1.496872714
1400-06-07,0.149595072,1.343501813,1.491053816
1400-06-08,3.192450453,1.340442011,1.492093516
1400-06-09,1.842283295,1.516772559,1.612974672
1400-06-10,-1.622713895,1.576116255,1.665081097
1400-06-13,-1.334235474,1.581860309,1.640089014
1400-06-14,0.25072094,1.581866926,1.640146908
1400-06-15,-0.083988007,1.579161696,1.645126673
1400-06-16,1.007643757,1.581139003,1.641445596
1400-06-17,-0.19339685,1.591689035,1.656846584
1400-06-20,-0.291414802,1.5926456,1.643663295
1400-06-21,2.680460809,1.58871967,1.624107167
1400-06-22,0.99544591,1.830495543,1.687399883
1400-06-23,-1.462773588,1.845911806,1.697886742
1400-06-24,0.586231888,1.84471842,1.693724898
1400-06-27,2.585687712,1.842633051,1.687494932
1400-06-28,2.072485395,1.986597474,1.752254394
1400-06-29,-0.51218891,2.062568148,1.792174345
1400-06-30,2.592339523,2.054764592,1.782604749
1400-06-31,0.344538788,1.973812983,1.859188287
1400-07-03,-2.540041658,1.9750393,1.86265707
1400-07-04,-0.183627518,1.971658068,1.864255149
1400-07-06,-0.050179293,1.964602835,1.850474453
1400-07-07,-0.806095214,1.957571862,1.839626979
1400-07-10,-2.507755381,1.963245666,1.836783145
1400-07-11,-0.217229254,1.950364976,1.828783504
1400-07-12,-0.538441235,1.942080754,1.815988685
1400-07-14,-0.242973579,1.925324002,1.793318525
1400-07-17,1.505165393,1.924978956,1.789716456
1400-07-18,0.713259132,1.958471511,1.827855267
1400-07-19,-0.129181741,1.967791756,1.843721031
1400-07-20,2.698927169,1.942907873,1.820504207
1400-07-21,1.512555642,2.024199364,1.877550974
1400-07-24,-2.827807336,2.039639461,1.887738118
1400-07-25,0.094349367,2.042376279,1.908460809
1400-07-26,-0.056170729,2.037697999,1.903647653
1400-07-27,-0.871682369,2.000263286,1.875318341
1400-07-28,0.910641412,2.00469678,1.873954485
1400-08-01,2.011174863,2.011816736,1.891000539
1400-08-03,1.692405588,2.077831043,1.94376422
1400-08-04,-0.023022585,2.123368434,1.985116916
1400-08-05,-0.684465349,2.123109624,1.984077324
1400-08-08,1.320888779,2.101271059,1.956398602
1400-08-09,2.605369829,2.13275385,1.981270358
1400-08-10,-1.563784779,2.185271762,2.018494902
1400-08-11,-1.072307194,2.116326451,1.955004935
1400-08-12,-1.609299998,2.068003591,1.907017657
1400-08-15,-2.975491678,2.052988772,1.881850587
1400-08-16,0.679727603,2.050536781,1.90504456
1400-08-17,-0.243376742,2.061824844,1.920145694
1400-08-18,-0.922674989,2.054047739,1.906842146
1400-08-19,-0.606381401,2.048873894,1.905208769
1400-08-22,1.190424347,2.029823396,1.882480323
1400-08-23,-0.227034957,2.054149287,1.898725204
1400-08-24,1.834168387,2.04933231,1.901904108
1400-08-25,0.545366871,2.103724103,1.950558973
1400-08-26,-0.154849992,2.111089061,1.961912618
1400-08-29,1.953108505,2.097140974,1.94753351
1400-08-30,-0.248582729,2.150502688,1.984710031
1400-09-01,-1.445773716,2.146348948,1.977624555
1400-09-02,0.183605282,2.15265883,1.978667881
1400-09-03,0.746504271,2.154661513,1.980987941
1400-09-06,1.984388901,2.158703135,1.990421008
1400-09-07,-0.094437494,2.215734323,2.042461566
1400-09-08,0.297678335,2.215591952,2.043001951
1400-09-09,0.500547173,2.216032025,2.05068701
1400-09-10,1.264809605,2.209041248,2.06092861
1400-09-13,0.396734857,2.224361814,2.079769545
1400-09-14,-0.630091623,2.21552677,2.085648632
1400-09-15,0.063234573,2.218134547,2.084569752
1400-09-16,0.323657139,2.215141414,2.088661977
1400-09-17,-0.846419995,2.213891398,2.095770281
1400-09-20,0.367336017,2.215729142,2.095566282
1400-09-21,1.775878692,2.2059188,2.086559858
1400-09-22,1.928458004,2.249430064,2.121908876
1400-09-23,0.286829837,2.288953048,2.168076053
1400-09-24,-0.108197936,2.280074808,2.165584503
1400-09-27,-0.946422785,2.280265448,2.165221259
1400-09-28,1.067285635,2.278761116,2.147917863
1400-09-29,-0.76095008,2.283840701,2.168599841
1400-09-30,-1.283836647,2.272296622,2.165819449
1400-10-01,-3.037885062,2.290436254,2.163052258
1400-10-04,-1.929724245,2.290871668,2.189154028
1400-10-05,0.109529103,2.297205326,2.19474392
1400-10-06,-1.172781128,2.292820701,2.186948737
1400-10-07,0.028833392,2.297025798,2.187109915
1400-10-08,0.185863008,2.288871512,2.191945498
1400-10-11,1.33527972,2.283896462,2.185081299
1400-10-12,-0.019123811,2.304680137,2.210287358
1400-10-13,0.217183522,2.299032671,2.195862859
1400-10-14,0.965417457,2.292752585,2.202121405
1400-10-15,-0.019604359,2.303031217,2.215155863
1400-10-18,0.046801499,2.293040888,2.217408912
1400-10-19,1.899623847,2.27991056,2.209775344
1400-10-20,0.304550437,2.323583748,2.249800933
1400-10-21,-0.146049126,2.316580116,2.256438964
1400-10-22,0.032859137,2.309025591,2.257862119
1400-10-25,0.880391625,2.45685527,2.258319246
1400-10-26,0.893559133,2.298276218,2.261444745
1400-10-27,0.331061987,2.304966685,2.271137839
1400-10-28,2.36265987,2.467962555,2.274795885
1400-10-29,-0.268259788,2.347487607,2.328798701
1400-11-02,-0.187967008,2.349700486,2.327375861
1400-11-03,1.992585526,2.343858524,2.319973015
1400-11-04,1.750600307,2.566367795,2.360772788
1400-11-05,2.192884304,2.600865379,2.386707478
1400-11-06,-1.75951227,2.627603168,2.429346845
1400-11-09,-2.381332151,2.493068927,2.352465873
1400-11-10,-2.017042073,2.46768081,2.335289726
1400-11-11,-0.773223681,2.456570528,2.340950175
1400-11-12,-0.509652439,2.455280544,2.338086995
1400-11-13,0.00557179,2.477690567,2.333473469
1400-11-16,-0.249434745,2.470088545,2.334118249
1400-11-17,1.729131526,2.495582446,2.318623705
1400-11-18,0.593191499,2.49196298,2.351252828
1400-11-19,-0.517143714,2.475503557,2.359536688
1400-11-20,-0.240500452,2.39949381,2.293069559
1400-11-23,0.00766289,2.41727716,2.277582551
1400-11-24,0.630105021,2.399389198,2.27602838
1400-11-25,-0.572653586,2.398911067,2.27669952
1400-11-27,0.071153087,2.339287627,2.21200186
1400-11-30,0.017203448,2.327368404,2.168423846
1400-12-01,0.616948085,2.334679823,2.171172772
1400-12-02,-0.570032986,2.255133881,2.113914308
1400-12-03,-0.256126708,2.257929263,2.107400856
1400-12-04,-0.266922135,2.263620265,2.085039697
1400-12-07,0.423113573,2.263619951,2.084593739
1400-12-08,0.2793032,2.262763196,2.089691239
1400-12-09,-0.206268405,2.271364859,2.094816096
1400-12-11,0.058007317,2.279203518,2.071306839
1400-12-14,-1.363748321,2.274207745,2.073151497
1400-12-15,-1.817092096,2.269175346,2.077308887
1400-12-16,-1.523808167,2.248815279,2.086445755
1400-12-17,0.473041151,2.23859632,2.061680838
1400-12-18,-0.87409549,2.236621885,2.057743047
1400-12-21,1.146498475,2.224695118,2.056317236
1400-12-22,-0.183119724,2.122772838,2.002832595
1400-12-23,0.04490379,2.130300205,1.972425497
1400-12-24,-0.183106332,2.122961322,1.942504508
1400-12-25,-0.581231946,2.124418086,1.940281828
1400-12-28,-1.63940981,2.116600938,1.938066342
1401-01-06,-1.71204025,2.122800771,1.944782579
1401-01-07,-0.91310724,2.106547823,1.935700787
1401-01-08,-1.065393692,2.060322923,1.886000575
1401-01-09,0.310805279,2.047320795,1.846980987
1401-01-10,-1.254743558,2.071968226,1.850968705
1401-01-14,-2.066097603,2.064760083,1.853045226
1401-01-15,-0.465201212,1.835401552,1.836055504
1401-01-16,-0.178100034,1.736811609,1.757213336
1401-01-17,0.52184997,1.72859019,1.754896778
1401-01-20,0.342646031,1.724940987,1.765454724
1401-01-21,-1.046098721,1.677115592,1.767759934
1401-01-22,-0.364300855,1.935371864,1.729959901
1401-01-23,2.287973491,1.719857415,1.717026009
1401-01-24,-0.558757565,1.9774089,1.780547052
1401-01-27,-0.925163681,1.976959312,1.780114786
1401-01-28,-0.503877875,1.977152077,1.780612277
1401-01-29,-1.799503643,1.77729022,1.75536837
1401-01-30,-0.747153933,1.784958145,1.762905911
1401-01-31,0.05861189,1.735677213,1.715564556
1401-02-04,0.497426442,1.729035352,1.708238308
1401-02-05,-0.168242372,1.733356382,1.716788793
1401-02-06,-1.030919648,1.906295944,1.665912218
1401-02-07,0.094925214,1.904419867,1.664884977
1401-02-10,-0.066763855,1.906348176,1.665971148
1401-02-11,-0.067749857,1.899211382,1.663054823
1401-02-12,-0.409166241,1.65162257,1.650047001
1401-02-17,-0.919459946,1.820925324,1.594687228
1401-02-18,-0.593778216,1.591564751,1.591768799
1401-02-19,0.836862952,1.644715728,1.583573945
1401-02-20,0.036920021,1.654601197,1.590897899
1401-02-21,-1.605611952,1.567487957,1.564367943
1401-02-24,-0.888483219,1.619929486,1.559348681
1401-02-25,0.344679914,1.621186177,1.559262464
1401-02-26,-0.68555562,1.794778333,1.563510692
1401-02-27,-1.393440768,1.618136361,1.554172015
1401-02-28,0.690199122,1.787605689,1.556890008
1401-02-31,0.963321871,1.799531177,1.56340753
1401-03-01,-0.160409438,1.772158725,1.536491091
1401-03-02,1.593448679,1.70750458,1.481816919
1401-03-03,0.097760951,1.748155866,1.517310535
1401-03-04,-0.563976001,1.751523019,1.51984374
1401-03-07,0.71109942,1.750370581,1.520088887
1401-03-08,1.253137493,1.740136032,1.510772562
1401-03-09,-0.216393881,1.776795716,1.543057825
1401-03-10,-0.346145918,1.787651671,1.543449461
1401-03-11,0.04740183,1.728408398,1.502927261
1401-03-16,1.810741522,1.556005921,1.495228797
1401-03-17,-0.071142414,1.607607301,1.54081482
1401-03-18,-0.32355149,1.603390221,1.541763771
1401-03-21,0.132225887,1.600777634,1.538774379
1401-03-22,-0.924221106,1.599691879,1.538050846
1401-03-23,-2.516892461,1.559174395,1.505421022
1401-03-24,-0.166593029,1.588910756,1.527865412
1401-03-25,0.620146148,1.582741716,1.523243855
1401-03-28,1.066534106,1.572115461,1.514846581
1401-03-29,0.114788078,1.600542503,1.536522992
1401-03-30,-0.083039951,1.601834255,1.537394847
1401-03-31,0.493379524,1.543539072,1.485374855
1401-04-01,0.406004269,1.548217527,1.488832788
1401-04-04,0.855287451,1.558453565,1.496509825
1401-04-05,1.257259688,1.578931835,1.512001971
1401-04-06,-0.181366597,1.591443749,1.522819169
1401-04-07,-0.687039333,1.567133003,1.504167597
1401-04-08,0.047487741,1.558014725,1.495045661
1401-04-11,0.801477447,1.431758481,1.421526661
1401-04-12,-0.090147902,1.656750569,1.439338766
1401-04-13,-0.277103292,1.657674109,1.440302682
1401-04-14,-0.259668694,1.603558873,1.379779279
1401-04-15,0.562217905,1.302241918,1.328533898
1401-04-18,0.272638702,1.213715888,1.267753812
1401-04-20,0.73104787,1.210200811,1.267534901
1401-04-21,0.273505307,1.223919218,1.260558747
1401-04-22,-0.438333335,1.22265858,1.25166151
1401-04-25,0.673420268,1.219903263,1.251910601
1401-04-26,0.692823305,1.228605693,1.268014025
1401-04-28,0.063932477,1.240417681,1.280701124
1401-04-29,-0.204373635,1.239031683,1.283849373
1401-05-01,-0.10870521,1.170814784,1.23269698
1401-05-02,0.663253781,1.162284551,1.220829147
1401-05-03,1.676934304,1.16984028,1.236886979
1401-05-04,0.067299889,1.234140355,1.285870936
1401-05-05,-0.365295752,1.234075489,1.28660929
1401-05-08,0.198109459,1.22720695,1.272415502
1401-05-09,1.212058609,1.22408107,1.278775006
1401-05-10,-0.288232579,1.260188041,1.30576687
1401-05-11,-0.169049419,1.261987201,1.303022178
1401-05-12,-0.511952474,1.253671073,1.29059632
1401-05-15,-0.801159154,1.253151269,1.290686154
1401-05-18,-0.208165607,1.257575068,1.289687335
1401-05-19,0.239787201,1.257079893,1.290117982
1401-05-22,-1.278404232,1.254016532,1.286821398
1401-05-23,0.235236494,1.258690515,1.282742793
1401-05-24,-0.003012963,1.259383125,1.288168807
1401-05-25,0.287151441,1.259415612,1.287406273
1401-05-26,0.556288969,1.254730206,1.290410137
1401-05-29,0.870865551,1.257550549,1.289488963
1401-05-30,0.621350988,1.270001963,1.30112555
1401-05-31,0.379478059,1.273562223,1.304296328
1401-06-01,-0.489243135,1.270046565,1.311810856
1401-06-02,-0.758268652,1.24276328,1.283768409
1401-06-05,-0.530512376,1.247342356,1.282692075
1401-06-06,0.411757889,1.251575572,1.279006372
1401-06-07,-0.072836124,1.25362512,1.286922366
1401-06-08,0.271754578,1.249451177,1.289300681
1401-06-09,0.126410589,1.246119951,1.284417116
1401-06-12,0.869072673,1.242776449,1.274648062
1401-06-13,0.002312666,1.218570902,1.291870219
1401-06-14,0.009012899,1.213875838,1.290918605
1401-06-15,0.417578314,1.209198348,1.286995617
1401-06-16,0.563055196,1.208209412,1.28881869
1401-06-19,1.097548604,1.401763264,1.271800975
1401-06-20,0.480754069,1.424201341,1.295931483
1401-06-21,0.12677616,1.274347052,1.303656072
1401-06-22,-0.298789219,1.4291051,1.297596256
1401-06-23,0.289530991,1.415456207,1.291772108
1401-06-27,0.808203411,1.408126202,1.292491569
1401-06-28,0.297710152,1.433291162,1.307728191
1401-06-29,0.49334588,1.279837089,1.235394614
1401-06-30,0.86835166,1.175310736,1.243481829
1401-07-02,2.016519831,1.182871544,1.256885635
1401-07-04,-0.470377194,1.418767221,1.317991032
1401-07-06,-0.903799332,1.393336752,1.294602778
1401-07-09,1.171609013,1.393957713,1.296361409
1401-07-10,0.66744442,1.408994859,1.319285488
1401-07-11,0.250808617,1.401637796,1.322631551
1401-07-12,0.369305318,1.399851421,1.32587799
1401-07-16,-0.218051339,1.404714349,1.324940042
1401-07-17,0.887799088,1.409148899,1.323333686
1401-07-18,0.089122159,1.402909418,1.338150897
1401-07-19,-0.738378455,1.271685489,1.339180684
1401-07-20,-0.471320248,1.275018155,1.341251005
1401-07-23,0.143724601,1.401259083,1.337215403
1401-07-24,0.502484186,1.404421758,1.338096523
1401-07-25,0.013628745,1.413528232,1.331054305
1401-07-26,-0.11078363,1.413436634,1.330897574
1401-07-27,0.182809629,1.404543675,1.310727112
1401-07-30,0.092084163,1.402915419,1.307971947
1401-08-01,0.933493383,1.400971043,1.3053051
1401-08-02,1.480752874,1.412127279,1.318591352
1401-08-03,0.839065758,1.336571768,1.335289159
1401-08-04,2.072823458,1.340879823,1.338626202
1401-08-07,-0.286455361,1.403580841,1.382486685
1401-08-08,-0.787289977,1.404801947,1.382582776
1401-08-09,-1.217668332,1.362468693,1.349670496
1401-08-10,-0.833070992,1.468434354,1.359838616
1401-08-11,-0.240608822,1.468980269,1.36265522
1401-08-14,-3.429556358,1.360928933,1.352495591
1401-08-15,-1.223494499,1.311946783,1.432248189
1401-08-16,-3.297272822,1.313156385,1.439901042
1401-08-17,-1.285564478,1.300981005,1.521401679
1401-08-18,-0.469305476,1.305903618,1.52604754
1401-08-21,-0.826619568,1.248314909,1.479172182
1401-08-22,0.488944563,1.252581409,1.479062552
1401-08-23,0.775715258,1.251197443,1.487181374
1401-08-24,-0.159625482,1.259219389,1.497937157
1401-08-25,-0.223073936,1.256149912,1.496555594
1401-08-28,1.459946315,1.260486137,1.45506475
1401-08-29,-0.825035578,1.299218213,1.487555427
1401-08-30,-0.282288299,1.301075809,1.47954662
1401-09-01,0.067025255,1.283919606,1.458958671
1401-09-02,-0.179861072,1.284172275,1.4584989
1401-09-05,0.140313721,1.284998328,1.457978802
1401-09-06,0.14275804,1.283015321,1.453029066
1401-09-07,-0.152528826,1.28170885,1.449537324
1401-09-08,-0.414951159,1.270898785,1.434547607
1401-09-09,-0.223705871,1.241719185,1.406942329
1401-09-12,-0.024549471,1.242080914,1.406749336
1401-09-13,-0.008435726,1.23718703,1.407744218
1401-09-14,0.299119672,1.237498146,1.4072542
1401-09-15,0.297576306,1.225213536,1.397607497
1401-09-16,0.467529381,1.194132229,1.401668316
1401-09-19,1.370373842,1.201412122,1.40926348
1401-09-20,-0.405662134,1.234698076,1.440138295
1401-09-21,-1.428743096,1.260795364,1.430863949
1401-09-22,-3.150811166,1.265029721,1.435612523
1401-09-23,-1.249819538,1.250308679,1.48796758
1401-09-26,0.192157333,1.256241377,1.48696901
1401-09-27,-2.040933754,1.252340994,1.491540914
1401-09-28,-0.044436294,1.247281025,1.498056731
1401-09-29,0.588941836,1.237552521,1.486594141
1401-09-30,-0.274785545,1.244317659,1.49478787
1401-10-03,-2.755585656,1.245239605,1.494385412
1401-10-04,-1.648505369,1.246323365,1.532233374
1401-10-05,-0.8171731,1.243794834,1.526907336
1401-10-07,-4.400464982,1.190570376,1.481971785
1401-10-10,3.510078331,1.186842178,1.586001408
1401-10-11,1.656516458,1.351344659,1.720399836
1401-10-12,-1.831748433,1.406074544,1.75570534
1401-10-13,0.121275931,1.382536877,1.735832072
1401-10-14,0.771787677,1.380703181,1.739903224
1401-10-17,-1.192398307,1.392930234,1.754318654
1401-10-18,-2.299170838,1.397257611,1.755043119
1401-10-19,-0.711527665,1.39941085,1.770928227
1401-10-20,-1.283909336,1.403745675,1.768476562
1401-10-21,0.969801087,1.41151575,1.762143725
1401-10-24,0.508102159,1.422864342,1.782848916
1401-10-25,0,1.426326393,1.787302463
1401-10-26,-2.223730187,1.426350338,1.78733602
1401-10-27,-0.378446077,1.433795331,1.792308656
1401-10-28,-0.124187273,1.431486543,1.780401127
1401-11-01,1.886523442,1.416817932,1.763722083
1401-11-02,0.281057325,1.476135914,1.800029507
1401-11-03,-0.061937668,1.47455455,1.798453667
1401-11-04,0.478491518,1.471212516,1.801783859
1401-11-05,2.093231837,1.469590907,1.81355974
1401-11-08,0.739234601,1.541486917,1.870344083
1401-11-09,3.685200233,1.54923878,1.876437966
1401-11-10,0.162959522,1.711752997,2.004722734
1401-11-11,-1.089871155,1.710899637,2.003288991
1401-11-12,-0.044453781,1.72083913,1.997957993
1401-11-16,1.101232618,1.705376252,1.983472332
1401-11-17,0.151401162,1.730328066,2.002823248
1401-11-18,-1.206503201,1.730256784,2.004467922
1401-11-19,-0.09990345,1.737863344,1.995304131
1401-11-23,0.779840707,1.731957344,1.986231916
1401-11-24,-0.148656094,1.719708864,1.97902369
1401-11-25,0.668550648,1.715350423,1.970850699
1401-11-26,0.859799351,1.725256618,1.979475962
1401-11-30,-0.560567023,1.738435936,1.996071943
1401-12-01,-3.894585273,1.741682957,1.988375952
1401-12-02,-4.005453679,1.733524731,2.026034707
1401-12-03,0.170270944,1.738230207,2.071263219
1401-12-06,-4.842171554,1.733651546,2.066216061
1401-12-07,-3.698777513,1.721480608,2.126621397
1401-12-08,-0.264218582,1.662123119,2.1078099
1401-12-09,-1.592798214,1.660766469,2.10962603
1401-12-10,0.893382397,1.664576353,2.110165643
1401-12-13,1.859141193,1.652416698,2.103443493
1401-12-14,-0.431927741,1.705241519,2.135111817
1401-12-15,0.574344231,1.705771482,2.127044494
1401-12-16,-1.772969361,1.710077159,2.130721438
1401-12-20,0.048025091,1.720214917,2.127410901
1401-12-21,1.863520492,1.702959591,2.112249293
1401-12-22,0.087796641,1.764734838,2.153847148
1401-12-23,-0.076058606,1.760038998,2.161541209
1401-12-24,-2.108855091,1.757302565,2.16541565
1401-12-27,-4.549401697,1.769261577,2.160152762
1401-12-28,-2.830480512,1.771453019,2.2006346
1402-01-05,-1.910969779,1.783363881,2.203321641
1402-01-06,-1.019609899,1.793400264,2.197222582
1402-01-07,-0.515712952,1.798912146,2.185763805
1402-01-08,-0.746776594,1.801212641,2.178650097
1402-01-09,-1.664010986,1.786726458,2.153601219
1402-01-14,-0.539214881,1.752115496,2.111823426
1402-01-15,-1.385349017,1.736738395,2.089791796
1402-01-16,-0.86262462,1.664863479,2.02663258
1402-01-19,-2.992059046,1.668818145,2.021433892
1402-01-20,-0.464663748,1.676376645,2.031018532
1402-01-21,1.014592062,1.671080174,2.035923294
1402-01-22,0.475266575,1.69257214,2.065293212
1402-01-26,-3.339349317,1.698362172,2.076762137
1402-01-27,-0.932673527,1.698587228,2.074993374
1402-01-28,-0.623121945,1.696743962,2.076100582
1402-01-29,-1.566756028,1.688922988,2.061574768
1402-01-30,0.056121319,1.690354536,2.061615594
1402-02-04,-0.101560508,1.688799909,2.068151005
1402-02-05,-1.798393189,1.684478628,2.075197493
1402-02-06,0.144710651,1.687430597,2.057286557
1402-02-09,-3.050546296,1.672592208,2.044998424
1402-02-10,-1.658744412,1.84918054,2.049610406
1402-02-11,-0.052427636,1.851792597,2.041765171
1402-02-12,-1.50801471,1.811167146,2.007898872
1402-02-13,0.14537639,1.79738456,2.005587583
1402-02-16,-0.814399229,1.784835366,2.011846962
1402-02-17,3.822024209,1.830718722,2.001678642
1402-02-18,5.291258037,2.14159454,2.13533141
1402-02-19,0.370976279,2.631997051,2.343663904
1402-02-20,1.227242805,2.62265565,2.347416362
1402-02-23,2.836010345,2.703998497,2.373572986
1402-02-24,-3.19497599,2.802387198,2.454302205
1402-02-25,-0.674741672,2.776817806,2.459724675
1402-02-27,-0.863393862,2.789582077,2.452811345
1402-02-30,1.010992496,2.786592223,2.444328801
1402-02-31,-0.205173586,2.796087578,2.458377471
1402-03-01,-0.68384924,2.814848804,2.451214019
1402-03-02,-0.528794177,2.809519089,2.436318663
1402-03-03,-0.648672661,2.787038375,2.402413993
1402-03-06,1.492159431,2.786503112,2.400131498
1402-03-07,2.373413339,2.817543555,2.441960113
1402-03-08,-0.81113628,2.901062678,2.498078225
1402-03-09,-0.571119382,2.901703782,2.499888265
1402-03-10,0.762579254,2.902151124,2.490951428
1402-03-13,-0.379693868,2.909982407,2.512170252
1402-03-16,-0.431898312,2.915061483,2.508377154
1402-03-17,0.04849292,2.911557136,2.494086272
1402-03-20,3.259120205,2.91507579,2.498062536
1402-03-21,0.309535897,3.033193303,2.59001813
1402-03-22,2.885003159,3.043272706,2.603100933
1402-03-23,-0.454912635,3.132663599,2.683029018
1402-03-24,-1.240841847,3.076918702,2.64520327
1402-03-27,-0.03231675,2.969918219,2.538017546
1402-03-28,0.91563181,2.908058208,2.504175448
1402-03-29,-0.060520301,2.953273811,2.52673322
1402-03-30,-0.125651869,2.949145686,2.52443464
1402-03-31,-0.320030439,2.943614221,2.510592583
1402-04-03,0.520101473,2.958816514,2.515265118
1402-04-04,-1.240091642,2.963224005,2.526332229
1402-04-05,-0.297606353,2.956381422,2.524747035
1402-04-06,1.279594401,2.961325821,2.529397627
1402-04-07,0.684686383,2.973752404,2.536415139
1402-04-10,0.441936058,2.979308381,2.539533412
1402-04-11,-0.625962802,2.977610673,2.545766651
1402-04-12,-1.199263559,2.976516384,2.543438516
1402-04-13,-0.852223082,2.972098546,2.539762885
1402-04-14,-0.025631424,2.971086906,2.53438593
1402-04-17,0.342172197,2.925933547,2.494404982
1402-04-18,0.858933994,2.926107849,2.49533173
1402-04-19,0.822405576,2.932239273,2.5100074
1402-04-20,1.406886602,2.943530401,2.516285099
1402-04-21,2.713359216,2.904176856,2.496579325
1402-04-24,0.024817163,2.99304454,2.552538772
1402-04-25,2.423893002,2.24297599,2.443563823
1402-04-26,3.251403144,2.328543876,2.499197285
1402-04-27,-2.178147078,2.446604189,2.594997201
1402-04-28,-0.829948101,3.027067099,2.59196934
1402-04-31,1.662838182,3.005164926,2.566489651
1402-05-01,0.312554665,2.490522176,2.597259661
