J-Date,Date,Adj Close,Ticker,Ticker(4)
1395-05-12,2016-08-02,422,اپرداز,APDZ
1395-05-13,2016-08-03,443,اپرداز,APDZ
1395-05-16,2016-08-06,465,اپرداز,APDZ
1395-05-17,2016-08-07,489,اپرداز,APDZ
1395-05-18,2016-08-08,513,اپرداز,APDZ
1395-05-19,2016-08-09,539,اپرداز,APDZ
1395-05-20,2016-08-10,565,اپرداز,APDZ
1395-05-23,2016-08-13,594,اپرداز,APDZ
1395-05-24,2016-08-14,623,اپرداز,APDZ
1395-05-25,2016-08-15,654,اپرداز,APDZ
1395-05-26,2016-08-16,687,اپرداز,APDZ
1395-05-27,2016-08-17,721,اپرداز,APDZ
1395-05-30,2016-08-20,757,اپرداز,APDZ
1395-05-31,2016-08-21,795,اپرداز,APDZ
1395-06-01,2016-08-22,835,اپرداز,APDZ
1395-06-02,2016-08-23,862,اپرداز,APDZ
1395-06-03,2016-08-24,909,اپرداز,APDZ
1395-06-06,2016-08-27,892,اپرداز,APDZ
1395-06-07,2016-08-28,884,اپرداز,APDZ
1395-06-08,2016-08-29,878,اپرداز,APDZ
1395-06-09,2016-08-30,891,اپرداز,APDZ
1395-06-10,2016-08-31,870,اپرداز,APDZ
1395-06-13,2016-09-03,868,اپرداز,APDZ
1395-06-14,2016-09-04,868,اپرداز,APDZ
1395-06-15,2016-09-05,909,اپرداز,APDZ
1395-06-16,2016-09-06,948,اپرداز,APDZ
1395-06-17,2016-09-07,995,اپرداز,APDZ
1395-06-20,2016-09-10,1043,اپرداز,APDZ
1395-06-21,2016-09-11,1067,اپرداز,APDZ
1395-06-23,2016-09-13,1059,اپرداز,APDZ
1395-06-24,2016-09-14,1076,اپرداز,APDZ
1395-06-27,2016-09-17,1080,اپرداز,APDZ
1395-06-28,2016-09-18,1134,اپرداز,APDZ
1395-06-29,2016-09-19,1185,اپرداز,APDZ
1395-06-31,2016-09-21,1223,اپرداز,APDZ
1395-07-03,2016-09-24,1293,اپرداز,APDZ
1395-07-04,2016-09-25,1289,اپرداز,APDZ
1395-07-05,2016-09-26,1267,اپرداز,APDZ
1395-07-06,2016-09-27,1261,اپرداز,APDZ
1395-07-07,2016-09-28,1231,اپرداز,APDZ
1395-07-18,2016-10-09,1260,اپرداز,APDZ
1395-07-19,2016-10-10,1261,اپرداز,APDZ
1395-07-24,2016-10-15,1227,اپرداز,APDZ
1395-07-25,2016-10-16,1284,اپرداز,APDZ
1395-07-26,2016-10-17,1284,اپرداز,APDZ
1395-07-27,2016-10-18,1238,اپرداز,APDZ
1395-07-28,2016-10-19,1214,اپرداز,APDZ
1395-08-01,2016-10-22,1209,اپرداز,APDZ
1395-08-02,2016-10-23,1194,اپرداز,APDZ
1395-08-03,2016-10-24,1215,اپرداز,APDZ
1395-08-04,2016-10-25,1244,اپرداز,APDZ
1395-08-05,2016-10-26,1315,اپرداز,APDZ
1395-08-08,2016-10-29,1347,اپرداز,APDZ
1395-08-09,2016-10-30,1414,اپرداز,APDZ
1395-08-10,2016-10-31,1447,اپرداز,APDZ
1395-08-11,2016-11-01,1418,اپرداز,APDZ
1395-08-12,2016-11-02,1445,اپرداز,APDZ
1395-08-15,2016-11-05,1470,اپرداز,APDZ
1395-08-16,2016-11-06,1476,اپرداز,APDZ
1395-08-17,2016-11-07,1568,اپرداز,APDZ
1395-08-18,2016-11-08,1561,اپرداز,APDZ
1395-08-19,2016-11-09,1528,اپرداز,APDZ
1395-08-22,2016-11-12,1527,اپرداز,APDZ
1395-08-23,2016-11-13,1464,اپرداز,APDZ
1395-08-24,2016-11-14,1414,اپرداز,APDZ
1395-08-25,2016-11-15,1408,اپرداز,APDZ
1395-08-26,2016-11-16,1406,اپرداز,APDZ
1395-08-29,2016-11-19,1374,اپرداز,APDZ
1395-09-01,2016-11-21,1400,اپرداز,APDZ
1395-09-02,2016-11-22,1377,اپرداز,APDZ
1395-09-03,2016-11-23,1342,اپرداز,APDZ
1395-09-06,2016-11-26,1352,اپرداز,APDZ
1395-10-12,2017-01-01,1376,اپرداز,APDZ
1395-10-13,2017-01-02,1312,اپرداز,APDZ
1395-10-14,2017-01-03,1296,اپرداز,APDZ
1395-10-15,2017-01-04,1261,اپرداز,APDZ
1395-10-18,2017-01-07,1238,اپرداز,APDZ
1395-10-19,2017-01-08,1205,اپرداز,APDZ
1395-10-20,2017-01-09,1268,اپرداز,APDZ
1395-10-22,2017-01-11,1292,اپرداز,APDZ
1395-10-25,2017-01-14,1352,اپرداز,APDZ
1395-10-26,2017-01-15,1373,اپرداز,APDZ
1395-10-27,2017-01-16,1370,اپرداز,APDZ
1395-10-28,2017-01-17,1342,اپرداز,APDZ
1395-10-29,2017-01-18,1331,اپرداز,APDZ
1395-11-02,2017-01-21,1307,اپرداز,APDZ
1395-11-03,2017-01-22,1227,اپرداز,APDZ
1395-11-04,2017-01-23,1224,اپرداز,APDZ
1395-11-05,2017-01-24,1204,اپرداز,APDZ
1395-11-06,2017-01-25,1211,اپرداز,APDZ
1395-11-09,2017-01-28,1215,اپرداز,APDZ
1395-11-10,2017-01-29,1259,اپرداز,APDZ
1395-11-11,2017-01-30,1318,اپرداز,APDZ
1395-11-12,2017-01-31,1319,اپرداز,APDZ
1395-11-13,2017-02-01,1296,اپرداز,APDZ
1395-11-16,2017-02-04,1240,اپرداز,APDZ
1395-11-17,2017-02-05,1178,اپرداز,APDZ
1395-11-18,2017-02-06,1188,اپرداز,APDZ
1395-11-19,2017-02-07,1232,اپرداز,APDZ
1395-11-20,2017-02-08,1258,اپرداز,APDZ
1395-11-23,2017-02-11,1263,اپرداز,APDZ
1395-11-24,2017-02-12,1255,اپرداز,APDZ
1395-11-25,2017-02-13,1244,اپرداز,APDZ
1395-11-26,2017-02-14,1210,اپرداز,APDZ
1395-11-27,2017-02-15,1219,اپرداز,APDZ
1395-11-30,2017-02-18,1236,اپرداز,APDZ
1395-12-01,2017-02-19,1299,اپرداز,APDZ
1395-12-02,2017-02-20,1364,اپرداز,APDZ
1395-12-03,2017-02-21,1433,اپرداز,APDZ
1395-12-04,2017-02-22,1504,اپرداز,APDZ
1395-12-07,2017-02-25,1579,اپرداز,APDZ
1395-12-08,2017-02-26,1658,اپرداز,APDZ
1395-12-09,2017-02-27,1741,اپرداز,APDZ
1395-12-10,2017-02-28,1818,اپرداز,APDZ
1395-12-11,2017-03-01,1827,اپرداز,APDZ
1395-12-14,2017-03-04,1794,اپرداز,APDZ
1395-12-15,2017-03-05,1819,اپرداز,APDZ
1395-12-16,2017-03-06,1847,اپرداز,APDZ
1395-12-17,2017-03-07,1791,اپرداز,APDZ
1395-12-18,2017-03-08,1794,اپرداز,APDZ
1395-12-21,2017-03-11,1843,اپرداز,APDZ
1395-12-22,2017-03-12,1891,اپرداز,APDZ
1395-12-23,2017-03-13,1976,اپرداز,APDZ
1395-12-24,2017-03-14,2022,اپرداز,APDZ
1395-12-25,2017-03-15,2123,اپرداز,APDZ
1395-12-28,2017-03-18,2153,اپرداز,APDZ
1396-02-04,2017-04-24,2296,اپرداز,APDZ
1396-02-06,2017-04-26,2411,اپرداز,APDZ
1396-02-09,2017-04-29,2407,اپرداز,APDZ
1396-02-10,2017-04-30,2594,اپرداز,APDZ
1396-02-11,2017-05-01,2495,اپرداز,APDZ
1396-02-12,2017-05-02,2690,اپرداز,APDZ
1396-02-13,2017-05-03,2794,اپرداز,APDZ
1396-02-16,2017-05-06,2780,اپرداز,APDZ
1396-02-17,2017-05-07,2737,اپرداز,APDZ
1396-02-18,2017-05-08,2636,اپرداز,APDZ
1396-02-19,2017-05-09,2602,اپرداز,APDZ
1396-02-20,2017-05-10,2531,اپرداز,APDZ
1396-02-23,2017-05-13,2453,اپرداز,APDZ
1396-02-24,2017-05-14,2569,اپرداز,APDZ
1396-02-25,2017-05-15,2581,اپرداز,APDZ
1396-02-26,2017-05-16,2743,اپرداز,APDZ
1396-02-27,2017-05-17,2743,اپرداز,APDZ
1396-02-30,2017-05-20,2862,اپرداز,APDZ
1396-02-31,2017-05-21,2819,اپرداز,APDZ
1396-03-01,2017-05-22,2801,اپرداز,APDZ
1396-03-02,2017-05-23,2824,اپرداز,APDZ
1396-03-03,2017-05-24,2739,اپرداز,APDZ
1396-03-06,2017-05-27,2697,اپرداز,APDZ
1396-03-07,2017-05-28,2622,اپرداز,APDZ
1396-03-08,2017-05-29,2639,اپرداز,APDZ
1396-03-09,2017-05-30,2680,اپرداز,APDZ
1396-03-10,2017-05-31,2806,اپرداز,APDZ
1396-03-13,2017-06-03,2893,اپرداز,APDZ
1396-03-16,2017-06-06,2836,اپرداز,APDZ
1396-03-17,2017-06-07,2714,اپرداز,APDZ
1396-03-20,2017-06-10,2639,اپرداز,APDZ
1396-03-21,2017-06-11,2554,اپرداز,APDZ
1396-03-22,2017-06-12,2565,اپرداز,APDZ
1396-03-23,2017-06-13,2433,اپرداز,APDZ
1396-03-24,2017-06-14,2614,اپرداز,APDZ
1396-03-27,2017-06-17,2512,اپرداز,APDZ
1396-03-28,2017-06-18,2498,اپرداز,APDZ
1396-03-29,2017-06-19,2407,اپرداز,APDZ
1396-05-07,2017-07-29,2607,اپرداز,APDZ
1396-05-08,2017-07-30,2538,اپرداز,APDZ
1396-05-09,2017-07-31,2468,اپرداز,APDZ
1396-05-10,2017-08-01,2350,اپرداز,APDZ
1396-05-11,2017-08-02,2408,اپرداز,APDZ
1396-05-15,2017-08-06,2315,اپرداز,APDZ
1396-05-16,2017-08-07,2245,اپرداز,APDZ
1396-05-17,2017-08-08,2252,اپرداز,APDZ
1396-05-18,2017-08-09,2232,اپرداز,APDZ
1396-05-21,2017-08-12,2153,اپرداز,APDZ
1396-05-22,2017-08-13,2134,اپرداز,APDZ
1396-05-23,2017-08-14,2152,اپرداز,APDZ
1396-05-24,2017-08-15,2052,اپرداز,APDZ
1396-05-25,2017-08-16,1995,اپرداز,APDZ
1396-05-28,2017-08-19,1939,اپرداز,APDZ
1396-05-29,2017-08-20,2020,اپرداز,APDZ
1396-05-30,2017-08-21,2096,اپرداز,APDZ
1396-05-31,2017-08-22,2017,اپرداز,APDZ
1396-06-01,2017-08-23,1958,اپرداز,APDZ
1396-06-04,2017-08-26,1929,اپرداز,APDZ
1396-06-05,2017-08-27,1961,اپرداز,APDZ
1396-06-06,2017-08-28,1934,اپرداز,APDZ
1396-06-07,2017-08-29,1919,اپرداز,APDZ
1396-06-08,2017-08-30,1920,اپرداز,APDZ
1396-06-11,2017-09-02,1959,اپرداز,APDZ
1396-06-12,2017-09-03,1974,اپرداز,APDZ
1396-06-13,2017-09-04,1932,اپرداز,APDZ
1396-06-14,2017-09-05,1939,اپرداز,APDZ
1396-06-15,2017-09-06,1860,اپرداز,APDZ
1396-06-19,2017-09-10,1815,اپرداز,APDZ
1396-06-20,2017-09-11,1837,اپرداز,APDZ
1396-06-21,2017-09-12,1803,اپرداز,APDZ
1396-06-22,2017-09-13,1905,اپرداز,APDZ
1396-06-25,2017-09-16,1967,اپرداز,APDZ
1396-06-26,2017-09-17,1894,اپرداز,APDZ
1396-06-27,2017-09-18,1907,اپرداز,APDZ
1396-06-28,2017-09-19,1882,اپرداز,APDZ
1396-06-29,2017-09-20,1824,اپرداز,APDZ
1396-07-01,2017-09-23,1829,اپرداز,APDZ
1396-07-02,2017-09-24,1820,اپرداز,APDZ
1396-07-03,2017-09-25,1880,اپرداز,APDZ
1396-07-04,2017-09-26,1972,اپرداز,APDZ
1396-07-05,2017-09-27,2032,اپرداز,APDZ
1396-07-10,2017-10-02,2038,اپرداز,APDZ
1396-07-11,2017-10-03,2001,اپرداز,APDZ
1396-07-12,2017-10-04,1982,اپرداز,APDZ
1396-07-15,2017-10-07,1909,اپرداز,APDZ
1396-07-16,2017-10-08,1818,اپرداز,APDZ
1396-07-17,2017-10-09,1848,اپرداز,APDZ
1396-07-18,2017-10-10,1819,اپرداز,APDZ
1396-07-19,2017-10-11,1803,اپرداز,APDZ
1396-07-22,2017-10-14,1838,اپرداز,APDZ
1396-07-23,2017-10-15,1821,اپرداز,APDZ
1396-07-24,2017-10-16,1838,اپرداز,APDZ
1396-07-25,2017-10-17,1808,اپرداز,APDZ
1396-07-26,2017-10-18,1808,اپرداز,APDZ
1396-07-29,2017-10-21,1727,اپرداز,APDZ
1396-07-30,2017-10-22,1818,اپرداز,APDZ
1396-08-01,2017-10-23,1801,اپرداز,APDZ
1396-08-02,2017-10-24,1801,اپرداز,APDZ
1396-08-03,2017-10-25,1801,اپرداز,APDZ
1396-08-06,2017-10-28,1825,اپرداز,APDZ
1396-08-07,2017-10-29,1791,اپرداز,APDZ
1396-08-08,2017-10-30,1756,اپرداز,APDZ
1396-08-09,2017-10-31,1745,اپرداز,APDZ
1396-08-10,2017-11-01,1840,اپرداز,APDZ
1396-08-13,2017-11-04,1897,اپرداز,APDZ
1396-08-14,2017-11-05,1921,اپرداز,APDZ
1396-08-15,2017-11-06,1858,اپرداز,APDZ
1396-08-16,2017-11-07,1884,اپرداز,APDZ
1396-08-17,2017-11-08,1841,اپرداز,APDZ
1396-08-20,2017-11-11,1791,اپرداز,APDZ
1396-08-21,2017-11-12,1800,اپرداز,APDZ
1396-08-22,2017-11-13,1805,اپرداز,APDZ
1396-08-23,2017-11-14,1772,اپرداز,APDZ
1396-08-24,2017-11-15,1778,اپرداز,APDZ
1396-08-27,2017-11-18,1783,اپرداز,APDZ
1396-08-29,2017-11-20,1763,اپرداز,APDZ
1396-08-30,2017-11-21,1743,اپرداز,APDZ
1396-09-01,2017-11-22,1758,اپرداز,APDZ
1396-09-04,2017-11-25,1729,اپرداز,APDZ
1396-09-05,2017-11-26,1739,اپرداز,APDZ
1396-09-07,2017-11-28,1684,اپرداز,APDZ
1396-09-08,2017-11-29,1656,اپرداز,APDZ
1396-09-11,2017-12-02,1742,اپرداز,APDZ
1396-09-12,2017-12-03,1739,اپرداز,APDZ
1396-09-13,2017-12-04,1707,اپرداز,APDZ
1396-09-14,2017-12-05,1730,اپرداز,APDZ
1396-09-18,2017-12-09,1698,اپرداز,APDZ
1396-09-19,2017-12-10,1723,اپرداز,APDZ
1396-09-20,2017-12-11,1684,اپرداز,APDZ
1396-09-21,2017-12-12,1652,اپرداز,APDZ
1396-09-22,2017-12-13,1674,اپرداز,APDZ
1396-09-25,2017-12-16,1647,اپرداز,APDZ
1396-09-26,2017-12-17,1654,اپرداز,APDZ
1396-09-27,2017-12-18,1642,اپرداز,APDZ
1396-09-28,2017-12-19,1658,اپرداز,APDZ
1396-09-29,2017-12-20,1664,اپرداز,APDZ
1396-10-02,2017-12-23,1717,اپرداز,APDZ
1396-10-03,2017-12-24,1717,اپرداز,APDZ
1396-10-04,2017-12-25,1684,اپرداز,APDZ
1396-10-05,2017-12-26,1686,اپرداز,APDZ
1396-10-06,2017-12-27,1684,اپرداز,APDZ
1396-10-09,2017-12-30,1664,اپرداز,APDZ
1396-10-10,2017-12-31,1606,اپرداز,APDZ
1396-10-11,2018-01-01,1605,اپرداز,APDZ
1396-10-12,2018-01-02,1613,اپرداز,APDZ
1396-10-13,2018-01-03,1580,اپرداز,APDZ
1396-10-16,2018-01-06,1578,اپرداز,APDZ
1396-10-17,2018-01-07,1615,اپرداز,APDZ
1396-10-18,2018-01-08,1638,اپرداز,APDZ
1396-10-19,2018-01-09,1645,اپرداز,APDZ
1396-10-20,2018-01-10,1652,اپرداز,APDZ
1396-10-23,2018-01-13,1664,اپرداز,APDZ
1396-10-24,2018-01-14,1702,اپرداز,APDZ
1396-10-25,2018-01-15,1645,اپرداز,APDZ
1396-10-26,2018-01-16,1653,اپرداز,APDZ
1396-10-27,2018-01-17,1643,اپرداز,APDZ
1396-10-30,2018-01-20,1605,اپرداز,APDZ
1396-11-01,2018-01-21,1600,اپرداز,APDZ
1396-11-02,2018-01-22,1599,اپرداز,APDZ
1396-11-03,2018-01-23,1687,اپرداز,APDZ
1396-11-04,2018-01-24,1713,اپرداز,APDZ
1396-11-07,2018-01-27,1703,اپرداز,APDZ
1396-11-08,2018-01-28,1684,اپرداز,APDZ
1396-11-09,2018-01-29,1684,اپرداز,APDZ
1396-11-10,2018-01-30,1684,اپرداز,APDZ
1396-11-11,2018-01-31,1686,اپرداز,APDZ
1396-11-14,2018-02-03,1664,اپرداز,APDZ
1396-11-15,2018-02-04,1672,اپرداز,APDZ
1396-11-16,2018-02-05,1695,اپرداز,APDZ
1396-11-17,2018-02-06,1780,اپرداز,APDZ
1396-11-18,2018-02-07,1758,اپرداز,APDZ
1396-11-21,2018-02-10,1769,اپرداز,APDZ
1396-11-23,2018-02-12,1782,اپرداز,APDZ
1396-11-24,2018-02-13,1772,اپرداز,APDZ
1396-11-25,2018-02-14,1762,اپرداز,APDZ
1396-11-28,2018-02-17,1753,اپرداز,APDZ
1396-11-29,2018-02-18,1742,اپرداز,APDZ
1396-11-30,2018-02-19,1723,اپرداز,APDZ
1396-12-02,2018-02-21,1711,اپرداز,APDZ
1396-12-05,2018-02-24,1711,اپرداز,APDZ
1396-12-06,2018-02-25,1664,اپرداز,APDZ
1396-12-07,2018-02-26,1648,اپرداز,APDZ
1396-12-08,2018-02-27,1691,اپرداز,APDZ
1396-12-09,2018-02-28,1664,اپرداز,APDZ
1396-12-12,2018-03-03,1700,اپرداز,APDZ
1396-12-13,2018-03-04,1713,اپرداز,APDZ
1396-12-14,2018-03-05,1729,اپرداز,APDZ
1396-12-15,2018-03-06,1721,اپرداز,APDZ
1396-12-16,2018-03-07,1723,اپرداز,APDZ
1396-12-19,2018-03-10,1723,اپرداز,APDZ
1396-12-20,2018-03-11,1700,اپرداز,APDZ
1396-12-21,2018-03-12,1684,اپرداز,APDZ
1396-12-22,2018-03-13,1667,اپرداز,APDZ
1396-12-23,2018-03-14,1631,اپرداز,APDZ
1396-12-26,2018-03-17,1625,اپرداز,APDZ
1396-12-27,2018-03-18,1697,اپرداز,APDZ
1396-12-28,2018-03-19,1710,اپرداز,APDZ
1397-01-05,2018-03-25,1704,اپرداز,APDZ
1397-01-06,2018-03-26,1711,اپرداز,APDZ
1397-01-07,2018-03-27,1721,اپرداز,APDZ
1397-01-08,2018-03-28,1705,اپرداز,APDZ
1397-01-14,2018-04-03,1684,اپرداز,APDZ
1397-01-15,2018-04-04,1680,اپرداز,APDZ
1397-01-18,2018-04-07,1678,اپرداز,APDZ
1397-01-19,2018-04-08,1647,اپرداز,APDZ
1397-01-20,2018-04-09,1603,اپرداز,APDZ
1397-01-21,2018-04-10,1643,اپرداز,APDZ
1397-01-22,2018-04-11,1629,اپرداز,APDZ
1397-01-26,2018-04-15,1642,اپرداز,APDZ
1397-01-27,2018-04-16,1601,اپرداز,APDZ
1397-01-28,2018-04-17,1618,اپرداز,APDZ
1397-01-29,2018-04-18,1590,اپرداز,APDZ
1397-02-01,2018-04-21,1600,اپرداز,APDZ
1397-02-02,2018-04-22,1605,اپرداز,APDZ
1397-02-03,2018-04-23,1585,اپرداز,APDZ
1397-02-04,2018-04-24,1544,اپرداز,APDZ
1397-02-05,2018-04-25,1507,اپرداز,APDZ
1397-02-08,2018-04-28,1517,اپرداز,APDZ
1397-02-09,2018-04-29,1465,اپرداز,APDZ
1397-02-10,2018-04-30,1422,اپرداز,APDZ
1397-02-11,2018-05-01,1351,اپرداز,APDZ
1397-02-15,2018-05-05,1322,اپرداز,APDZ
1397-02-16,2018-05-06,1277,اپرداز,APDZ
1397-02-17,2018-05-07,1324,اپرداز,APDZ
1397-02-18,2018-05-08,1351,اپرداز,APDZ
1397-02-19,2018-05-09,1338,اپرداز,APDZ
1397-02-22,2018-05-12,1378,اپرداز,APDZ
1397-02-23,2018-05-13,1400,اپرداز,APDZ
1397-02-24,2018-05-14,1402,اپرداز,APDZ
1397-02-25,2018-05-15,1439,اپرداز,APDZ
1397-02-26,2018-05-16,1438,اپرداز,APDZ
1397-02-29,2018-05-19,1449,اپرداز,APDZ
1397-02-30,2018-05-20,1441,اپرداز,APDZ
1397-02-31,2018-05-21,1428,اپرداز,APDZ
1397-03-01,2018-05-22,1419,اپرداز,APDZ
1397-03-02,2018-05-23,1423,اپرداز,APDZ
1397-03-05,2018-05-26,1419,اپرداز,APDZ
1397-03-06,2018-05-27,1410,اپرداز,APDZ
1397-03-07,2018-05-28,1405,اپرداز,APDZ
1397-03-08,2018-05-29,1397,اپرداز,APDZ
1397-03-09,2018-05-30,1400,اپرداز,APDZ
1397-03-12,2018-06-02,1388,اپرداز,APDZ
1397-03-13,2018-06-03,1380,اپرداز,APDZ
1397-03-19,2018-06-09,1365,اپرداز,APDZ
1397-03-20,2018-06-10,1381,اپرداز,APDZ
1397-03-21,2018-06-11,1388,اپرداز,APDZ
1397-03-22,2018-06-12,1388,اپرداز,APDZ
1397-03-23,2018-06-13,1390,اپرداز,APDZ
1397-03-27,2018-06-17,1471,اپرداز,APDZ
1397-03-28,2018-06-18,1504,اپرداز,APDZ
1397-03-29,2018-06-19,1548,اپرداز,APDZ
1397-03-30,2018-06-20,1604,اپرداز,APDZ
1397-04-02,2018-06-23,1623,اپرداز,APDZ
1397-04-03,2018-06-24,1574,اپرداز,APDZ
1397-04-04,2018-06-25,1545,اپرداز,APDZ
1397-04-05,2018-06-26,1527,اپرداز,APDZ
1397-04-06,2018-06-27,1465,اپرداز,APDZ
1397-04-09,2018-06-30,1523,اپرداز,APDZ
1397-04-10,2018-07-01,1493,اپرداز,APDZ
1397-04-11,2018-07-02,1507,اپرداز,APDZ
1397-04-12,2018-07-03,1507,اپرداز,APDZ
1397-04-13,2018-07-04,1484,اپرداز,APDZ
1397-04-16,2018-07-07,1469,اپرداز,APDZ
1397-04-17,2018-07-08,1438,اپرداز,APDZ
1397-04-19,2018-07-10,1447,اپرداز,APDZ
1397-04-20,2018-07-11,1429,اپرداز,APDZ
1397-04-31,2018-07-22,1453,اپرداز,APDZ
1397-05-01,2018-07-23,1402,اپرداز,APDZ
1397-05-02,2018-07-24,1368,اپرداز,APDZ
1397-05-03,2018-07-25,1395,اپرداز,APDZ
1397-05-06,2018-07-28,1375,اپرداز,APDZ
1397-05-07,2018-07-29,1335,اپرداز,APDZ
1397-05-08,2018-07-30,1292,اپرداز,APDZ
1397-05-09,2018-07-31,1334,اپرداز,APDZ
1397-05-10,2018-08-01,1327,اپرداز,APDZ
1397-05-13,2018-08-04,1308,اپرداز,APDZ
1397-05-14,2018-08-05,1323,اپرداز,APDZ
1397-05-15,2018-08-06,1294,اپرداز,APDZ
1397-05-16,2018-08-07,1284,اپرداز,APDZ
1397-05-17,2018-08-08,1304,اپرداز,APDZ
1397-05-20,2018-08-11,1372,اپرداز,APDZ
1397-05-21,2018-08-12,1421,اپرداز,APDZ
1397-05-22,2018-08-13,1418,اپرداز,APDZ
1397-05-23,2018-08-14,1405,اپرداز,APDZ
1397-05-24,2018-08-15,1391,اپرداز,APDZ
1397-05-27,2018-08-18,1412,اپرداز,APDZ
1397-05-28,2018-08-19,1451,اپرداز,APDZ
1397-05-29,2018-08-20,1528,اپرداز,APDZ
1397-05-30,2018-08-21,1602,اپرداز,APDZ
1397-06-03,2018-08-25,1676,اپرداز,APDZ
1397-06-04,2018-08-26,1670,اپرداز,APDZ
1397-06-05,2018-08-27,1682,اپرداز,APDZ
1397-06-06,2018-08-28,1661,اپرداز,APDZ
1397-06-07,2018-08-29,1677,اپرداز,APDZ
1397-06-10,2018-09-01,1676,اپرداز,APDZ
1397-06-11,2018-09-02,1672,اپرداز,APDZ
1397-06-12,2018-09-03,1703,اپرداز,APDZ
1397-06-13,2018-09-04,1788,اپرداز,APDZ
1397-06-14,2018-09-05,1874,اپرداز,APDZ
1397-06-17,2018-09-08,1967,اپرداز,APDZ
1397-06-18,2018-09-09,2052,اپرداز,APDZ
1397-06-19,2018-09-10,2114,اپرداز,APDZ
1397-06-20,2018-09-11,2093,اپرداز,APDZ
1397-06-21,2018-09-12,2076,اپرداز,APDZ
1397-06-24,2018-09-15,2139,اپرداز,APDZ
1397-06-25,2018-09-16,2160,اپرداز,APDZ
1397-06-26,2018-09-17,2222,اپرداز,APDZ
1397-06-27,2018-09-18,2284,اپرداز,APDZ
1397-06-31,2018-09-22,2379,اپرداز,APDZ
1397-07-01,2018-09-23,2494,اپرداز,APDZ
1397-07-02,2018-09-24,2616,اپرداز,APDZ
1397-07-07,2018-09-29,2884,اپرداز,APDZ
1397-07-08,2018-09-30,2882,اپرداز,APDZ
1397-07-09,2018-10-01,2759,اپرداز,APDZ
1397-07-10,2018-10-02,2656,اپرداز,APDZ
1397-07-11,2018-10-03,2574,اپرداز,APDZ
1397-07-14,2018-10-06,2418,اپرداز,APDZ
1397-07-15,2018-10-07,2353,اپرداز,APDZ
1397-07-16,2018-10-08,2273,اپرداز,APDZ
1397-07-17,2018-10-09,2264,اپرداز,APDZ
1397-07-18,2018-10-10,2352,اپرداز,APDZ
1397-07-21,2018-10-13,2208,اپرداز,APDZ
1397-07-22,2018-10-14,2197,اپرداز,APDZ
1397-07-23,2018-10-15,2289,اپرداز,APDZ
1397-07-24,2018-10-16,2375,اپرداز,APDZ
1397-07-25,2018-10-17,2324,اپرداز,APDZ
1397-07-28,2018-10-20,2346,اپرداز,APDZ
1397-07-29,2018-10-21,2332,اپرداز,APDZ
1397-07-30,2018-10-22,2261,اپرداز,APDZ
1397-08-01,2018-10-23,2200,اپرداز,APDZ
1397-08-02,2018-10-24,2107,اپرداز,APDZ
1397-08-05,2018-10-27,1984,اپرداز,APDZ
1397-08-06,2018-10-28,1927,اپرداز,APDZ
1397-08-07,2018-10-29,2017,اپرداز,APDZ
1397-08-09,2018-10-31,2104,اپرداز,APDZ
1397-08-12,2018-11-03,2201,اپرداز,APDZ
1397-08-13,2018-11-04,2201,اپرداز,APDZ
1397-08-14,2018-11-05,2201,اپرداز,APDZ
1397-08-15,2018-11-06,2137,اپرداز,APDZ
1397-08-19,2018-11-10,2160,اپرداز,APDZ
1397-08-20,2018-11-11,2147,اپرداز,APDZ
1397-08-21,2018-11-12,2185,اپرداز,APDZ
1397-08-22,2018-11-13,2297,اپرداز,APDZ
1397-08-23,2018-11-14,2399,اپرداز,APDZ
1397-08-26,2018-11-17,2494,اپرداز,APDZ
1397-08-27,2018-11-18,2563,اپرداز,APDZ
1397-08-28,2018-11-19,2554,اپرداز,APDZ
1397-08-29,2018-11-20,2482,اپرداز,APDZ
1397-08-30,2018-11-21,2533,اپرداز,APDZ
1397-09-03,2018-11-24,2492,اپرداز,APDZ
1397-09-05,2018-11-26,2455,اپرداز,APDZ
1397-09-06,2018-11-27,2470,اپرداز,APDZ
1397-09-07,2018-11-28,2492,اپرداز,APDZ
1397-09-10,2018-12-01,2362,اپرداز,APDZ
1397-09-11,2018-12-02,2350,اپرداز,APDZ
1397-09-12,2018-12-03,2409,اپرداز,APDZ
1397-09-13,2018-12-04,2459,اپرداز,APDZ
1397-09-14,2018-12-05,2538,اپرداز,APDZ
1397-09-17,2018-12-08,2530,اپرداز,APDZ
1397-09-18,2018-12-09,2492,اپرداز,APDZ
1397-09-19,2018-12-10,2411,اپرداز,APDZ
1397-09-21,2018-12-12,2492,اپرداز,APDZ
1397-09-24,2018-12-15,2455,اپرداز,APDZ
1397-09-25,2018-12-16,2388,اپرداز,APDZ
1397-09-26,2018-12-17,2374,اپرداز,APDZ
1397-09-27,2018-12-18,2355,اپرداز,APDZ
1397-09-28,2018-12-19,2301,اپرداز,APDZ
1397-10-01,2018-12-22,2236,اپرداز,APDZ
1397-10-02,2018-12-23,2243,اپرداز,APDZ
1397-10-03,2018-12-24,2253,اپرداز,APDZ
1397-10-04,2018-12-25,2160,اپرداز,APDZ
1397-10-05,2018-12-26,2224,اپرداز,APDZ
1397-10-08,2018-12-29,2254,اپرداز,APDZ
1397-10-09,2018-12-30,2181,اپرداز,APDZ
1397-10-10,2018-12-31,2187,اپرداز,APDZ
1397-10-11,2019-01-01,2271,اپرداز,APDZ
1397-10-12,2019-01-02,2232,اپرداز,APDZ
1397-10-15,2019-01-05,2220,اپرداز,APDZ
1397-10-16,2019-01-06,2187,اپرداز,APDZ
1397-10-17,2019-01-07,2197,اپرداز,APDZ
1397-10-18,2019-01-08,2147,اپرداز,APDZ
1397-10-19,2019-01-09,2160,اپرداز,APDZ
1397-10-22,2019-01-12,2226,اپرداز,APDZ
1397-10-23,2019-01-13,2172,اپرداز,APDZ
1397-10-24,2019-01-14,2150,اپرداز,APDZ
1397-10-25,2019-01-15,2146,اپرداز,APDZ
1397-10-26,2019-01-16,2151,اپرداز,APDZ
1397-10-29,2019-01-19,2089,اپرداز,APDZ
1397-10-30,2019-01-20,2032,اپرداز,APDZ
1397-11-01,2019-01-21,2014,اپرداز,APDZ
1397-11-02,2019-01-22,2089,اپرداز,APDZ
1397-11-03,2019-01-23,2191,اپرداز,APDZ
1397-11-06,2019-01-26,2300,اپرداز,APDZ
1397-11-07,2019-01-27,2215,اپرداز,APDZ
1397-11-08,2019-01-28,2284,اپرداز,APDZ
1397-11-09,2019-01-29,2199,اپرداز,APDZ
1397-11-10,2019-01-30,2201,اپرداز,APDZ
1397-11-13,2019-02-02,2213,اپرداز,APDZ
1397-11-14,2019-02-03,2209,اپرداز,APDZ
1397-11-15,2019-02-04,2180,اپرداز,APDZ
1397-11-16,2019-02-05,2170,اپرداز,APDZ
1397-11-17,2019-02-06,2121,اپرداز,APDZ
1397-11-29,2019-02-18,2243,اپرداز,APDZ
1397-11-30,2019-02-19,2215,اپرداز,APDZ
1397-12-01,2019-02-20,2207,اپرداز,APDZ
1397-12-04,2019-02-23,2199,اپرداز,APDZ
1397-12-05,2019-02-24,2202,اپرداز,APDZ
1397-12-06,2019-02-25,2171,اپرداز,APDZ
1397-12-07,2019-02-26,2181,اپرداز,APDZ
1397-12-08,2019-02-27,2183,اپرداز,APDZ
1397-12-11,2019-03-02,2182,اپرداز,APDZ
1397-12-12,2019-03-03,2187,اپرداز,APDZ
1397-12-13,2019-03-04,2193,اپرداز,APDZ
1397-12-14,2019-03-05,2196,اپرداز,APDZ
1397-12-15,2019-03-06,2209,اپرداز,APDZ
1397-12-18,2019-03-09,2181,اپرداز,APDZ
1397-12-19,2019-03-10,2165,اپرداز,APDZ
1397-12-20,2019-03-11,2118,اپرداز,APDZ
1397-12-21,2019-03-12,2140,اپرداز,APDZ
1397-12-22,2019-03-13,2103,اپرداز,APDZ
1397-12-25,2019-03-16,2068,اپرداز,APDZ
1397-12-26,2019-03-17,2094,اپرداز,APDZ
1397-12-27,2019-03-18,2178,اپرداز,APDZ
1397-12-28,2019-03-19,2181,اپرداز,APDZ
1398-01-05,2019-03-25,2196,اپرداز,APDZ
1398-01-06,2019-03-26,2218,اپرداز,APDZ
1398-01-07,2019-03-27,2218,اپرداز,APDZ
1398-01-10,2019-03-30,2190,اپرداز,APDZ
1398-01-11,2019-03-31,2203,اپرداز,APDZ
1398-01-17,2019-04-06,2252,اپرداز,APDZ
1398-01-18,2019-04-07,2349,اپرداز,APDZ
1398-01-19,2019-04-08,2358,اپرداز,APDZ
1398-01-20,2019-04-09,2335,اپرداز,APDZ
1398-01-21,2019-04-10,2274,اپرداز,APDZ
1398-01-24,2019-04-13,2280,اپرداز,APDZ
1398-01-25,2019-04-14,2218,اپرداز,APDZ
1398-01-26,2019-04-15,2272,اپرداز,APDZ
1398-01-27,2019-04-16,2312,اپرداز,APDZ
1398-01-28,2019-04-17,2371,اپرداز,APDZ
1398-01-31,2019-04-20,2448,اپرداز,APDZ
1398-02-02,2019-04-22,2467,اپرداز,APDZ
1398-02-03,2019-04-23,2455,اپرداز,APDZ
1398-02-04,2019-04-24,2508,اپرداز,APDZ
1398-02-07,2019-04-27,2573,اپرداز,APDZ
1398-02-08,2019-04-28,2659,اپرداز,APDZ
1398-02-09,2019-04-29,2695,اپرداز,APDZ
1398-02-10,2019-04-30,2664,اپرداز,APDZ
1398-02-11,2019-05-01,2679,اپرداز,APDZ
1398-02-14,2019-05-04,2794,اپرداز,APDZ
1398-02-15,2019-05-05,2726,اپرداز,APDZ
1398-02-16,2019-05-06,2637,اپرداز,APDZ
1398-02-17,2019-05-07,2531,اپرداز,APDZ
1398-02-18,2019-05-08,2508,اپرداز,APDZ
1398-02-21,2019-05-11,2492,اپرداز,APDZ
1398-02-22,2019-05-12,2492,اپرداز,APDZ
1398-02-23,2019-05-13,2505,اپرداز,APDZ
1398-02-24,2019-05-14,2578,اپرداز,APDZ
1398-02-25,2019-05-15,2496,اپرداز,APDZ
1398-02-31,2019-05-21,2492,اپرداز,APDZ
1398-03-01,2019-05-22,2492,اپرداز,APDZ
1398-03-04,2019-05-25,2470,اپرداز,APDZ
1398-03-05,2019-05-26,2458,اپرداز,APDZ
1398-03-07,2019-05-28,2528,اپرداز,APDZ
1398-03-08,2019-05-29,2486,اپرداز,APDZ
1398-03-11,2019-06-01,2523,اپرداز,APDZ
1398-03-12,2019-06-02,2618,اپرداز,APDZ
1398-03-13,2019-06-03,2734,اپرداز,APDZ
1398-03-18,2019-06-08,2871,اپرداز,APDZ
1398-03-19,2019-06-09,2985,اپرداز,APDZ
1398-03-20,2019-06-10,3132,اپرداز,APDZ
1398-03-21,2019-06-11,3286,اپرداز,APDZ
1398-03-22,2019-06-12,3432,اپرداز,APDZ
1398-03-25,2019-06-15,3427,اپرداز,APDZ
1398-03-26,2019-06-16,3282,اپرداز,APDZ
1398-03-27,2019-06-17,3426,اپرداز,APDZ
1398-03-28,2019-06-18,3364,اپرداز,APDZ
1398-03-29,2019-06-19,3301,اپرداز,APDZ
1398-04-01,2019-06-22,3212,اپرداز,APDZ
1398-04-02,2019-06-23,3355,اپرداز,APDZ
1398-04-03,2019-06-24,3366,اپرداز,APDZ
1398-04-04,2019-06-25,3333,اپرداز,APDZ
1398-04-05,2019-06-26,3302,اپرداز,APDZ
1398-04-09,2019-06-30,3295,اپرداز,APDZ
1398-04-10,2019-07-01,3426,اپرداز,APDZ
1398-04-11,2019-07-02,3581,اپرداز,APDZ
1398-04-12,2019-07-03,3533,اپرداز,APDZ
1398-04-18,2019-07-09,3577,اپرداز,APDZ
1398-04-19,2019-07-10,3455,اپرداز,APDZ
1398-04-22,2019-07-13,3391,اپرداز,APDZ
1398-04-23,2019-07-14,3529,اپرداز,APDZ
1398-04-24,2019-07-15,3519,اپرداز,APDZ
1398-04-25,2019-07-16,3412,اپرداز,APDZ
1398-04-26,2019-07-17,3407,اپرداز,APDZ
1398-04-29,2019-07-20,3625,اپرداز,APDZ
1398-04-30,2019-07-21,3761,اپرداز,APDZ
1398-04-31,2019-07-22,3946,اپرداز,APDZ
1398-05-01,2019-07-23,4031,اپرداز,APDZ
1398-05-02,2019-07-24,4079,اپرداز,APDZ
1398-05-05,2019-07-27,4060,اپرداز,APDZ
1398-05-06,2019-07-28,3999,اپرداز,APDZ
1398-05-07,2019-07-29,3954,اپرداز,APDZ
1398-05-08,2019-07-30,4111,اپرداز,APDZ
1398-05-09,2019-07-31,4280,اپرداز,APDZ
1398-05-12,2019-08-03,4239,اپرداز,APDZ
1398-05-13,2019-08-04,4248,اپرداز,APDZ
1398-05-14,2019-08-05,4303,اپرداز,APDZ
1398-05-15,2019-08-06,4268,اپرداز,APDZ
1398-05-16,2019-08-07,4191,اپرداز,APDZ
1398-05-19,2019-08-10,4198,اپرداز,APDZ
1398-05-20,2019-08-11,4404,اپرداز,APDZ
1398-05-22,2019-08-13,4563,اپرداز,APDZ
1398-05-23,2019-08-14,4575,اپرداز,APDZ
1398-05-26,2019-08-17,4510,اپرداز,APDZ
1398-05-27,2019-08-18,4517,اپرداز,APDZ
1398-05-28,2019-08-19,4507,اپرداز,APDZ
1398-05-30,2019-08-21,4724,اپرداز,APDZ
1398-06-02,2019-08-24,4767,اپرداز,APDZ
1398-06-03,2019-08-25,4767,اپرداز,APDZ
1398-06-04,2019-08-26,4943,اپرداز,APDZ
1398-06-05,2019-08-27,4799,اپرداز,APDZ
1398-06-06,2019-08-28,4793,اپرداز,APDZ
1398-06-09,2019-08-31,4649,اپرداز,APDZ
1398-06-10,2019-09-01,4732,اپرداز,APDZ
1398-06-11,2019-09-02,4556,اپرداز,APDZ
1398-06-12,2019-09-03,4619,اپرداز,APDZ
1398-06-13,2019-09-04,4717,اپرداز,APDZ
1398-06-16,2019-09-07,4895,اپرداز,APDZ
1398-06-17,2019-09-08,4966,اپرداز,APDZ
1398-06-20,2019-09-11,4927,اپرداز,APDZ
1398-06-23,2019-09-14,5015,اپرداز,APDZ
1398-06-24,2019-09-15,5039,اپرداز,APDZ
1398-06-25,2019-09-16,5065,اپرداز,APDZ
1398-06-26,2019-09-17,4991,اپرداز,APDZ
1398-06-27,2019-09-18,4876,اپرداز,APDZ
1398-06-30,2019-09-21,4751,اپرداز,APDZ
1398-06-31,2019-09-22,4703,اپرداز,APDZ
1398-07-01,2019-09-23,4843,اپرداز,APDZ
1398-07-02,2019-09-24,4799,اپرداز,APDZ
1398-07-03,2019-09-25,4935,اپرداز,APDZ
1398-07-06,2019-09-28,4991,اپرداز,APDZ
1398-07-07,2019-09-29,4793,اپرداز,APDZ
1398-07-08,2019-09-30,4920,اپرداز,APDZ
1398-07-09,2019-10-01,4767,اپرداز,APDZ
1398-07-10,2019-10-02,4932,اپرداز,APDZ
1398-07-13,2019-10-05,4927,اپرداز,APDZ
1398-07-14,2019-10-06,4863,اپرداز,APDZ
1398-07-15,2019-10-07,4895,اپرداز,APDZ
1398-07-16,2019-10-08,4649,اپرداز,APDZ
1398-07-17,2019-10-09,4703,اپرداز,APDZ
1398-07-20,2019-10-12,4748,اپرداز,APDZ
1398-07-21,2019-10-13,4611,اپرداز,APDZ
1398-07-22,2019-10-14,4550,اپرداز,APDZ
1398-07-23,2019-10-15,4309,اپرداز,APDZ
1398-07-24,2019-10-16,4142,اپرداز,APDZ
1398-07-28,2019-10-20,3940,اپرداز,APDZ
1398-07-29,2019-10-21,3916,اپرداز,APDZ
1398-07-30,2019-10-22,4026,اپرداز,APDZ
1398-08-18,2019-11-09,4778,اپرداز,APDZ
1398-08-19,2019-11-10,5017,اپرداز,APDZ
1398-08-20,2019-11-11,5085,اپرداز,APDZ
1398-08-21,2019-11-12,5329,اپرداز,APDZ
1398-08-22,2019-11-13,5544,اپرداز,APDZ
1398-08-25,2019-11-16,5482,اپرداز,APDZ
1398-08-26,2019-11-17,5210,اپرداز,APDZ
1398-08-27,2019-11-18,5378,اپرداز,APDZ
1398-08-28,2019-11-19,5532,اپرداز,APDZ
1398-08-29,2019-11-20,5797,اپرداز,APDZ
1398-09-02,2019-11-23,5696,اپرداز,APDZ
1398-09-03,2019-11-24,6106,اپرداز,APDZ
1398-09-04,2019-11-25,6079,اپرداز,APDZ
1398-09-05,2019-11-26,5870,اپرداز,APDZ
1398-09-06,2019-11-27,5896,اپرداز,APDZ
1398-09-09,2019-11-30,5819,اپرداز,APDZ
1398-09-10,2019-12-01,5669,اپرداز,APDZ
1398-09-11,2019-12-02,5650,اپرداز,APDZ
1398-09-12,2019-12-03,5631,اپرداز,APDZ
1398-09-13,2019-12-04,5637,اپرداز,APDZ
1398-09-16,2019-12-07,5610,اپرداز,APDZ
1398-09-17,2019-12-08,5700,اپرداز,APDZ
1398-09-18,2019-12-09,5716,اپرداز,APDZ
1398-09-19,2019-12-10,5802,اپرداز,APDZ
1398-09-20,2019-12-11,5822,اپرداز,APDZ
1398-09-23,2019-12-14,5724,اپرداز,APDZ
1398-09-24,2019-12-15,5654,اپرداز,APDZ
1398-09-25,2019-12-16,5531,اپرداز,APDZ
1398-09-26,2019-12-17,5546,اپرداز,APDZ
1398-09-27,2019-12-18,5797,اپرداز,APDZ
1398-09-30,2019-12-21,5735,اپرداز,APDZ
1398-10-01,2019-12-22,5908,اپرداز,APDZ
1398-10-02,2019-12-23,5797,اپرداز,APDZ
1398-10-03,2019-12-24,5789,اپرداز,APDZ
1398-10-04,2019-12-25,5925,اپرداز,APDZ
1398-10-07,2019-12-28,6049,اپرداز,APDZ
1398-10-08,2019-12-29,5945,اپرداز,APDZ
1398-10-09,2019-12-30,6265,اپرداز,APDZ
1398-10-10,2019-12-31,6378,اپرداز,APDZ
1398-10-11,2020-01-01,6693,اپرداز,APDZ
1398-10-14,2020-01-04,6354,اپرداز,APDZ
1398-10-15,2020-01-05,5994,اپرداز,APDZ
1398-10-17,2020-01-07,5623,اپرداز,APDZ
1398-10-18,2020-01-08,5733,اپرداز,APDZ
1398-10-21,2020-01-11,5785,اپرداز,APDZ
1398-10-22,2020-01-12,6075,اپرداز,APDZ
1398-10-23,2020-01-13,6352,اپرداز,APDZ
1398-10-24,2020-01-14,6143,اپرداز,APDZ
1398-10-25,2020-01-15,6310,اپرداز,APDZ
1398-10-28,2020-01-18,6049,اپرداز,APDZ
1398-10-29,2020-01-19,6088,اپرداز,APDZ
1398-10-30,2020-01-20,6090,اپرداز,APDZ
1398-11-01,2020-01-21,6057,اپرداز,APDZ
1398-11-02,2020-01-22,6168,اپرداز,APDZ
1398-11-05,2020-01-25,6143,اپرداز,APDZ
1398-11-06,2020-01-26,6147,اپرداز,APDZ
1398-11-07,2020-01-27,6066,اپرداز,APDZ
1398-11-08,2020-01-28,6271,اپرداز,APDZ
1398-11-12,2020-02-01,6356,اپرداز,APDZ
1398-11-13,2020-02-02,6348,اپرداز,APDZ
1398-11-14,2020-02-03,6271,اپرداز,APDZ
1398-11-15,2020-02-04,6132,اپرداز,APDZ
1398-11-16,2020-02-05,6015,اپرداز,APDZ
1398-11-19,2020-02-08,6177,اپرداز,APDZ
1398-11-20,2020-02-09,6211,اپرداز,APDZ
1398-11-21,2020-02-10,6358,اپرداز,APDZ
1398-11-23,2020-02-12,6617,اپرداز,APDZ
1398-11-26,2020-02-15,6322,اپرداز,APDZ
1398-11-27,2020-02-16,6167,اپرداز,APDZ
1398-11-28,2020-02-17,6049,اپرداز,APDZ
1398-11-29,2020-02-18,5971,اپرداز,APDZ
1398-11-30,2020-02-19,6096,اپرداز,APDZ
1398-12-03,2020-02-22,5930,اپرداز,APDZ
1398-12-04,2020-02-23,6196,اپرداز,APDZ
1398-12-05,2020-02-24,6241,اپرداز,APDZ
1398-12-06,2020-02-25,6430,اپرداز,APDZ
1398-12-07,2020-02-26,6678,اپرداز,APDZ
1398-12-10,2020-02-29,6877,اپرداز,APDZ
1398-12-11,2020-03-01,7087,اپرداز,APDZ
1398-12-12,2020-03-02,6995,اپرداز,APDZ
1398-12-13,2020-03-03,7124,اپرداز,APDZ
1398-12-14,2020-03-04,7469,اپرداز,APDZ
1398-12-17,2020-03-07,7643,اپرداز,APDZ
1398-12-19,2020-03-09,7136,اپرداز,APDZ
1398-12-20,2020-03-10,7188,اپرداز,APDZ
1398-12-21,2020-03-11,7284,اپرداز,APDZ
1398-12-24,2020-03-14,7015,اپرداز,APDZ
1398-12-25,2020-03-15,6941,اپرداز,APDZ
1398-12-26,2020-03-16,6877,اپرداز,APDZ
1398-12-27,2020-03-17,6826,اپرداز,APDZ
1398-12-28,2020-03-18,6975,اپرداز,APDZ
1399-01-05,2020-03-24,7224,اپرداز,APDZ
1399-01-06,2020-03-25,7494,اپرداز,APDZ
1399-01-09,2020-03-28,7691,اپرداز,APDZ
1399-01-10,2020-03-29,7572,اپرداز,APDZ
1399-01-11,2020-03-30,7414,اپرداز,APDZ
1399-01-16,2020-04-04,7504,اپرداز,APDZ
1399-01-17,2020-04-05,7306,اپرداز,APDZ
1399-01-18,2020-04-06,7208,اپرداز,APDZ
1399-01-19,2020-04-07,7538,اپرداز,APDZ
1399-01-20,2020-04-08,7850,اپرداز,APDZ
1399-01-23,2020-04-11,8217,اپرداز,APDZ
1399-01-24,2020-04-12,8464,اپرداز,APDZ
1399-01-25,2020-04-13,8488,اپرداز,APDZ
1399-01-26,2020-04-14,8191,اپرداز,APDZ
1399-01-27,2020-04-15,8297,اپرداز,APDZ
1399-01-30,2020-04-18,8821,اپرداز,APDZ
1399-01-31,2020-04-19,8299,اپرداز,APDZ
1399-02-01,2020-04-20,8327,اپرداز,APDZ
1399-02-02,2020-04-21,8808,اپرداز,APDZ
1399-02-03,2020-04-22,9007,اپرداز,APDZ
1399-02-06,2020-04-25,9454,اپرداز,APDZ
1399-02-07,2020-04-26,9172,اپرداز,APDZ
1399-02-08,2020-04-27,8818,اپرداز,APDZ
1399-02-09,2020-04-28,9342,اپرداز,APDZ
1399-02-10,2020-04-29,9634,اپرداز,APDZ
1399-02-13,2020-05-02,10113,اپرداز,APDZ
1399-02-14,2020-05-03,10599,اپرداز,APDZ
1399-02-15,2020-05-04,11129,اپرداز,APDZ
1399-02-16,2020-05-05,11649,اپرداز,APDZ
1399-02-17,2020-05-06,12200,اپرداز,APDZ
1399-02-20,2020-05-09,12777,اپرداز,APDZ
1399-02-21,2020-05-10,13415,اپرداز,APDZ
1399-02-24,2020-05-13,14249,اپرداز,APDZ
1399-02-27,2020-05-16,13728,اپرداز,APDZ
1399-02-28,2020-05-17,13191,اپرداز,APDZ
1399-02-29,2020-05-18,14007,اپرداز,APDZ
1399-02-30,2020-05-19,13264,اپرداز,APDZ
1399-02-31,2020-05-20,12808,اپرداز,APDZ
1399-03-03,2020-05-23,12167,اپرداز,APDZ
1399-03-06,2020-05-26,11769,اپرداز,APDZ
1399-03-07,2020-05-27,11433,اپرداز,APDZ
1399-03-10,2020-05-30,11769,اپرداز,APDZ
1399-03-11,2020-05-31,11228,اپرداز,APDZ
1399-03-12,2020-06-01,11876,اپرداز,APDZ
1399-03-13,2020-06-02,12410,اپرداز,APDZ
1399-03-17,2020-06-06,12513,اپرداز,APDZ
1399-03-18,2020-06-07,13112,اپرداز,APDZ
1399-03-19,2020-06-08,13180,اپرداز,APDZ
1399-03-20,2020-06-09,13097,اپرداز,APDZ
1399-03-21,2020-06-10,13865,اپرداز,APDZ
1399-03-24,2020-06-13,13946,اپرداز,APDZ
1399-03-25,2020-06-14,13711,اپرداز,APDZ
1399-03-26,2020-06-15,13605,اپرداز,APDZ
1399-03-27,2020-06-16,14330,اپرداز,APDZ
1399-03-31,2020-06-20,14514,اپرداز,APDZ
1399-04-01,2020-06-21,15239,اپرداز,APDZ
1399-04-02,2020-06-22,15656,اپرداز,APDZ
1399-04-03,2020-06-23,15078,اپرداز,APDZ
1399-04-04,2020-06-24,14885,اپرداز,APDZ
1399-04-07,2020-06-27,14923,اپرداز,APDZ
1399-04-08,2020-06-28,14304,اپرداز,APDZ
1399-04-09,2020-06-29,13667,اپرداز,APDZ
1399-04-10,2020-06-30,14374,اپرداز,APDZ
1399-04-11,2020-07-01,14590,اپرداز,APDZ
1399-04-14,2020-07-04,13635,اپرداز,APDZ
1399-04-15,2020-07-05,14070,اپرداز,APDZ
1399-04-16,2020-07-06,13878,اپرداز,APDZ
1399-04-17,2020-07-07,13768,اپرداز,APDZ
1399-04-18,2020-07-08,13066,اپرداز,APDZ
1399-04-21,2020-07-11,12795,اپرداز,APDZ
1399-04-22,2020-07-12,13391,اپرداز,APDZ
1399-04-23,2020-07-13,14048,اپرداز,APDZ
1399-04-24,2020-07-14,14078,اپرداز,APDZ
1399-04-25,2020-07-15,13502,اپرداز,APDZ
1399-04-28,2020-07-18,14292,اپرداز,APDZ
1399-04-29,2020-07-19,13609,اپرداز,APDZ
1399-05-01,2020-07-22,12969,اپرداز,APDZ
1399-05-04,2020-07-25,14140,اپرداز,APDZ
1399-05-05,2020-07-26,14699,اپرداز,APDZ
1399-05-06,2020-07-27,15394,اپرداز,APDZ
1399-05-07,2020-07-28,15674,اپرداز,APDZ
1399-05-08,2020-07-29,16102,اپرداز,APDZ
1399-05-11,2020-08-01,16846,اپرداز,APDZ
1399-05-12,2020-08-02,17688,اپرداز,APDZ
1399-05-13,2020-08-03,18556,اپرداز,APDZ
1399-05-14,2020-08-04,19309,اپرداز,APDZ
1399-05-15,2020-08-05,20176,اپرداز,APDZ
1399-05-19,2020-08-09,20608,اپرداز,APDZ
1399-05-22,2020-08-12,19824,اپرداز,APDZ
1399-05-25,2020-08-15,18912,اپرداز,APDZ
1399-05-26,2020-08-16,18246,اپرداز,APDZ
1399-05-27,2020-08-17,17844,اپرداز,APDZ
1399-05-28,2020-08-18,16952,اپرداز,APDZ
1399-05-29,2020-08-19,16248,اپرداز,APDZ
1399-06-01,2020-08-22,15456,اپرداز,APDZ
1399-06-02,2020-08-23,14862,اپرداز,APDZ
1399-06-03,2020-08-24,14246,اپرداز,APDZ
1399-06-04,2020-08-25,14559,اپرداز,APDZ
1399-06-05,2020-08-26,14792,اپرداز,APDZ
1399-06-10,2020-08-31,14032,اپرداز,APDZ
1399-06-11,2020-09-01,13677,اپرداز,APDZ
1399-06-12,2020-09-02,13263,اپرداز,APDZ
1399-06-15,2020-09-05,13090,اپرداز,APDZ
1399-06-17,2020-09-07,12442,اپرداز,APDZ
1399-06-18,2020-09-08,12417,اپرداز,APDZ
1399-06-19,2020-09-09,12251,اپرداز,APDZ
1399-06-22,2020-09-12,12018,اپرداز,APDZ
1399-06-23,2020-09-13,11512,اپرداز,APDZ
1399-06-24,2020-09-14,11660,اپرداز,APDZ
1399-06-25,2020-09-15,12083,اپرداز,APDZ
1399-06-26,2020-09-16,12521,اپرداز,APDZ
1399-06-29,2020-09-19,11767,اپرداز,APDZ
1399-06-30,2020-09-20,11315,اپرداز,APDZ
1399-06-31,2020-09-21,11136,اپرداز,APDZ
1399-07-01,2020-09-22,10991,اپرداز,APDZ
1399-07-02,2020-09-23,11254,اپرداز,APDZ
1399-07-05,2020-09-26,11499,اپرداز,APDZ
1399-07-06,2020-09-27,11856,اپرداز,APDZ
1399-07-07,2020-09-28,11107,اپرداز,APDZ
1399-07-08,2020-09-29,11819,اپرداز,APDZ
1399-07-09,2020-09-30,12087,اپرداز,APDZ
1399-07-12,2020-10-03,12691,اپرداز,APDZ
1399-07-13,2020-10-04,13325,اپرداز,APDZ
1399-07-14,2020-10-05,13735,اپرداز,APDZ
1399-07-15,2020-10-06,14357,اپرداز,APDZ
1399-07-16,2020-10-07,14406,اپرداز,APDZ
1399-07-19,2020-10-10,13916,اپرداز,APDZ
1399-07-20,2020-10-11,13591,اپرداز,APDZ
1399-07-21,2020-10-12,14149,اپرداز,APDZ
1399-07-22,2020-10-13,13185,اپرداز,APDZ
1399-07-23,2020-10-14,14067,اپرداز,APDZ
1399-07-27,2020-10-18,14541,اپرداز,APDZ
1399-07-28,2020-10-19,15009,اپرداز,APDZ
1399-07-29,2020-10-20,15121,اپرداز,APDZ
1399-07-30,2020-10-21,15347,اپرداز,APDZ
1399-08-03,2020-10-24,14486,اپرداز,APDZ
1399-08-05,2020-10-26,13943,اپرداز,APDZ
1399-08-06,2020-10-27,13259,اپرداز,APDZ
1399-08-07,2020-10-28,13782,اپرداز,APDZ
1399-08-10,2020-10-31,13350,اپرداز,APDZ
1399-08-11,2020-11-01,12814,اپرداز,APDZ
1399-08-12,2020-11-02,12515,اپرداز,APDZ
1399-08-14,2020-11-04,12782,اپرداز,APDZ
1399-08-17,2020-11-07,11874,اپرداز,APDZ
1399-08-18,2020-11-08,11582,اپرداز,APDZ
1399-08-19,2020-11-09,12397,اپرداز,APDZ
1399-08-20,2020-11-10,12974,اپرداز,APDZ
1399-08-21,2020-11-11,13299,اپرداز,APDZ
1399-08-24,2020-11-14,12702,اپرداز,APDZ
1399-08-25,2020-11-15,12434,اپرداز,APDZ
1399-08-26,2020-11-16,12499,اپرداز,APDZ
1399-08-27,2020-11-17,12524,اپرداز,APDZ
1399-08-28,2020-11-18,12788,اپرداز,APDZ
1399-09-01,2020-11-21,12034,اپرداز,APDZ
1399-09-02,2020-11-22,11582,اپرداز,APDZ
1399-09-03,2020-11-23,11634,اپرداز,APDZ
1399-09-04,2020-11-24,11125,اپرداز,APDZ
1399-09-05,2020-11-25,11665,اپرداز,APDZ
1399-09-08,2020-11-28,12114,اپرداز,APDZ
1399-09-09,2020-11-29,12536,اپرداز,APDZ
1399-09-10,2020-11-30,12930,اپرداز,APDZ
1399-09-11,2020-12-01,13559,اپرداز,APDZ
1399-09-12,2020-12-02,13350,اپرداز,APDZ
1399-09-15,2020-12-05,14077,اپرداز,APDZ
1399-09-16,2020-12-06,14473,اپرداز,APDZ
1399-09-17,2020-12-07,13942,اپرداز,APDZ
1399-09-18,2020-12-08,14067,اپرداز,APDZ
1399-09-19,2020-12-09,13911,اپرداز,APDZ
1399-09-22,2020-12-12,13208,اپرداز,APDZ
1399-09-23,2020-12-13,13125,اپرداز,APDZ
1399-09-24,2020-12-14,13479,اپرداز,APDZ
1399-09-25,2020-12-15,13062,اپرداز,APDZ
1399-09-26,2020-12-16,12905,اپرداز,APDZ
1399-09-29,2020-12-19,12961,اپرداز,APDZ
1399-09-30,2020-12-20,12529,اپرداز,APDZ
1399-10-01,2020-12-21,13041,اپرداز,APDZ
1399-10-02,2020-12-22,13629,اپرداز,APDZ
1399-10-03,2020-12-23,13470,اپرداز,APDZ
1399-10-06,2020-12-26,13099,اپرداز,APDZ
1399-10-07,2020-12-27,12536,اپرداز,APDZ
1399-10-08,2020-12-28,12589,اپرداز,APDZ
1399-10-09,2020-12-29,12086,اپرداز,APDZ
1399-10-10,2020-12-30,12654,اپرداز,APDZ
1399-10-13,2021-01-02,12179,اپرداز,APDZ
1399-10-14,2021-01-03,12300,اپرداز,APDZ
1399-10-15,2021-01-04,12313,اپرداز,APDZ
1399-10-16,2021-01-05,12960,اپرداز,APDZ
1399-10-17,2021-01-06,12293,اپرداز,APDZ
1399-10-20,2021-01-09,11729,اپرداز,APDZ
1399-10-21,2021-01-10,11578,اپرداز,APDZ
1399-10-22,2021-01-11,12292,اپرداز,APDZ
1399-10-23,2021-01-12,11820,اپرداز,APDZ
1399-10-24,2021-01-13,11151,اپرداز,APDZ
1399-10-27,2021-01-16,10629,اپرداز,APDZ
1399-10-29,2021-01-18,10247,اپرداز,APDZ
1399-10-30,2021-01-19,10233,اپرداز,APDZ
1399-11-01,2021-01-20,10801,اپرداز,APDZ
1399-11-04,2021-01-23,10930,اپرداز,APDZ
1399-11-05,2021-01-24,10232,اپرداز,APDZ
1399-11-06,2021-01-25,9873,اپرداز,APDZ
1399-11-07,2021-01-26,9392,اپرداز,APDZ
1399-11-08,2021-01-27,9064,اپرداز,APDZ
1399-11-11,2021-01-30,9533,اپرداز,APDZ
1399-11-12,2021-01-31,8897,اپرداز,APDZ
1399-11-13,2021-02-01,9500,اپرداز,APDZ
1399-11-14,2021-02-02,9911,اپرداز,APDZ
1399-11-15,2021-02-03,10092,اپرداز,APDZ
1399-11-18,2021-02-06,9530,اپرداز,APDZ
1399-11-19,2021-02-07,10143,اپرداز,APDZ
1399-11-20,2021-02-08,9498,اپرداز,APDZ
1399-11-21,2021-02-09,9382,اپرداز,APDZ
1399-11-25,2021-02-13,9565,اپرداز,APDZ
1399-11-26,2021-02-14,9417,اپرداز,APDZ
1399-11-27,2021-02-15,9362,اپرداز,APDZ
1399-11-28,2021-02-16,9365,اپرداز,APDZ
1399-11-29,2021-02-17,9353,اپرداز,APDZ
1399-12-02,2021-02-20,9181,اپرداز,APDZ
1399-12-03,2021-02-21,9137,اپرداز,APDZ
1399-12-04,2021-02-22,9132,اپرداز,APDZ
1399-12-05,2021-02-23,9120,اپرداز,APDZ
1399-12-06,2021-02-24,8988,اپرداز,APDZ
1399-12-09,2021-02-27,8963,اپرداز,APDZ
1399-12-10,2021-02-28,8961,اپرداز,APDZ
1399-12-11,2021-03-01,8961,اپرداز,APDZ
1399-12-12,2021-03-02,8958,اپرداز,APDZ
1399-12-13,2021-03-03,8955,اپرداز,APDZ
1399-12-16,2021-03-06,8954,اپرداز,APDZ
1399-12-17,2021-03-07,8953,اپرداز,APDZ
1399-12-18,2021-03-08,8951,اپرداز,APDZ
1399-12-19,2021-03-09,8947,اپرداز,APDZ
1399-12-20,2021-03-10,8939,اپرداز,APDZ
1399-12-23,2021-03-13,8939,اپرداز,APDZ
1399-12-24,2021-03-14,8938,اپرداز,APDZ
1399-12-25,2021-03-15,8930,اپرداز,APDZ
1399-12-26,2021-03-16,8926,اپرداز,APDZ
1399-12-27,2021-03-17,8960,اپرداز,APDZ
1400-01-07,2021-03-27,9120,اپرداز,APDZ
1400-01-08,2021-03-28,9492,اپرداز,APDZ
1400-01-10,2021-03-30,9419,اپرداز,APDZ
1400-01-11,2021-03-31,9246,اپرداز,APDZ
1400-01-14,2021-04-03,9149,اپرداز,APDZ
1400-01-15,2021-04-04,9142,اپرداز,APDZ
1400-01-16,2021-04-05,9142,اپرداز,APDZ
1400-01-17,2021-04-06,9142,اپرداز,APDZ
1400-01-18,2021-04-07,9141,اپرداز,APDZ
1400-01-21,2021-04-10,9141,اپرداز,APDZ
1400-01-22,2021-04-11,9141,اپرداز,APDZ
1400-01-23,2021-04-12,9141,اپرداز,APDZ
1400-01-24,2021-04-13,9141,اپرداز,APDZ
1400-01-25,2021-04-14,9039,اپرداز,APDZ
1400-01-28,2021-04-17,9037,اپرداز,APDZ
1400-01-29,2021-04-18,9037,اپرداز,APDZ
1400-01-30,2021-04-19,9037,اپرداز,APDZ
1400-01-31,2021-04-20,9037,اپرداز,APDZ
1400-02-01,2021-04-21,8944,اپرداز,APDZ
1400-02-04,2021-04-24,8943,اپرداز,APDZ
1400-02-05,2021-04-25,8940,اپرداز,APDZ
1400-02-06,2021-04-26,8940,اپرداز,APDZ
1400-02-07,2021-04-27,8940,اپرداز,APDZ
1400-02-08,2021-04-28,8939,اپرداز,APDZ
1400-02-11,2021-05-01,8939,اپرداز,APDZ
1400-02-13,2021-05-03,8939,اپرداز,APDZ
1400-02-15,2021-05-05,8939,اپرداز,APDZ
1400-02-18,2021-05-08,8936,اپرداز,APDZ
1400-02-19,2021-05-09,8936,اپرداز,APDZ
1400-02-20,2021-05-10,8936,اپرداز,APDZ
1400-02-21,2021-05-11,8936,اپرداز,APDZ
1400-02-22,2021-05-12,8913,اپرداز,APDZ
1400-02-25,2021-05-15,8729,اپرداز,APDZ
1400-02-26,2021-05-16,8727,اپرداز,APDZ
1400-02-27,2021-05-17,8727,اپرداز,APDZ
1400-02-28,2021-05-18,8723,اپرداز,APDZ
1400-02-29,2021-05-19,8722,اپرداز,APDZ
1400-03-01,2021-05-22,8722,اپرداز,APDZ
1400-03-04,2021-05-25,8722,اپرداز,APDZ
1400-03-05,2021-05-26,8722,اپرداز,APDZ
1400-03-08,2021-05-29,8721,اپرداز,APDZ
1400-03-09,2021-05-30,8715,اپرداز,APDZ
1400-03-10,2021-05-31,8711,اپرداز,APDZ
1400-03-11,2021-06-01,8711,اپرداز,APDZ
1400-03-12,2021-06-02,8711,اپرداز,APDZ
1400-03-17,2021-06-07,8710,اپرداز,APDZ
1400-03-18,2021-06-08,8675,اپرداز,APDZ
1400-03-19,2021-06-09,8211,اپرداز,APDZ
1400-03-22,2021-06-12,7811,اپرداز,APDZ
1400-03-23,2021-06-13,8221,اپرداز,APDZ
1400-03-24,2021-06-14,7820,اپرداز,APDZ
1400-03-25,2021-06-15,7936,اپرداز,APDZ
1400-03-26,2021-06-16,7815,اپرداز,APDZ
1400-03-29,2021-06-19,7854,اپرداز,APDZ
1400-03-30,2021-06-20,7832,اپرداز,APDZ
1400-03-31,2021-06-21,7874,اپرداز,APDZ
1400-04-01,2021-06-22,8118,اپرداز,APDZ
1400-04-02,2021-06-23,8506,اپرداز,APDZ
1400-04-05,2021-06-26,8424,اپرداز,APDZ
1400-04-06,2021-06-27,8208,اپرداز,APDZ
1400-04-07,2021-06-28,8338,اپرداز,APDZ
1400-04-08,2021-06-29,8269,اپرداز,APDZ
1400-04-09,2021-06-30,8269,اپرداز,APDZ
1400-04-12,2021-07-03,8669,اپرداز,APDZ
1400-04-13,2021-07-04,8921,اپرداز,APDZ
1400-04-14,2021-07-05,8896,اپرداز,APDZ
1400-04-15,2021-07-06,8541,اپرداز,APDZ
1400-04-16,2021-07-07,8610,اپرداز,APDZ
1400-04-19,2021-07-10,8554,اپرداز,APDZ
1400-04-20,2021-07-11,8726,اپرداز,APDZ
1400-04-21,2021-07-12,8541,اپرداز,APDZ
1400-04-22,2021-07-13,8727,اپرداز,APDZ
1400-04-23,2021-07-14,8727,اپرداز,APDZ
1400-04-26,2021-07-17,8748,اپرداز,APDZ
1400-04-27,2021-07-18,8638,اپرداز,APDZ
1400-05-05,2021-07-27,8340,اپرداز,APDZ
1400-05-06,2021-07-28,8310,اپرداز,APDZ
1400-05-09,2021-07-31,8115,اپرداز,APDZ
1400-05-10,2021-08-01,8066,اپرداز,APDZ
1400-05-11,2021-08-02,8176,اپرداز,APDZ
1400-05-12,2021-08-03,8512,اپرداز,APDZ
1400-05-13,2021-08-04,8531,اپرداز,APDZ
1400-05-16,2021-08-07,8367,اپرداز,APDZ
1400-05-17,2021-08-08,8177,اپرداز,APDZ
1400-05-18,2021-08-09,8553,اپرداز,APDZ
1400-05-19,2021-08-10,8606,اپرداز,APDZ
1400-05-20,2021-08-11,8760,اپرداز,APDZ
1400-05-23,2021-08-14,8965,اپرداز,APDZ
1400-05-24,2021-08-15,9413,اپرداز,APDZ
1400-05-31,2021-08-22,9883,اپرداز,APDZ
1400-06-01,2021-08-23,10339,اپرداز,APDZ
1400-06-02,2021-08-24,10117,اپرداز,APDZ
1400-06-03,2021-08-25,9914,اپرداز,APDZ
1400-06-06,2021-08-28,10417,اپرداز,APDZ
1400-06-07,2021-08-29,9846,اپرداز,APDZ
1400-06-08,2021-08-30,9619,اپرداز,APDZ
1400-06-09,2021-08-31,9202,اپرداز,APDZ
1400-06-10,2021-09-01,9622,اپرداز,APDZ
1400-06-13,2021-09-04,9481,اپرداز,APDZ
1400-06-14,2021-09-05,9780,اپرداز,APDZ
1400-06-15,2021-09-06,9945,اپرداز,APDZ
1400-06-16,2021-09-07,9751,اپرداز,APDZ
1400-06-17,2021-09-08,9812,اپرداز,APDZ
1400-06-20,2021-09-11,9680,اپرداز,APDZ
1400-06-21,2021-09-12,9222,اپرداز,APDZ
1400-06-22,2021-09-13,9682,اپرداز,APDZ
1400-06-23,2021-09-14,9600,اپرداز,APDZ
1400-06-24,2021-09-15,9587,اپرداز,APDZ
1400-06-27,2021-09-18,8996,اپرداز,APDZ
1400-06-28,2021-09-19,8604,اپرداز,APDZ
1400-06-29,2021-09-20,8637,اپرداز,APDZ
1400-06-30,2021-09-21,8615,اپرداز,APDZ
1400-06-31,2021-09-22,8486,اپرداز,APDZ
1400-07-03,2021-09-25,8878,اپرداز,APDZ
1400-07-04,2021-09-26,9185,اپرداز,APDZ
1400-07-06,2021-09-28,9454,اپرداز,APDZ
1400-07-07,2021-09-29,9401,اپرداز,APDZ
1400-07-10,2021-10-02,9095,اپرداز,APDZ
1400-07-11,2021-10-03,8995,اپرداز,APDZ
1400-07-12,2021-10-04,9129,اپرداز,APDZ
1400-07-14,2021-10-06,9370,اپرداز,APDZ
1400-07-17,2021-10-09,9244,اپرداز,APDZ
1400-07-18,2021-10-10,9264,اپرداز,APDZ
1400-07-19,2021-10-11,9468,اپرداز,APDZ
1400-07-20,2021-10-12,9415,اپرداز,APDZ
1400-07-21,2021-10-13,9525,اپرداز,APDZ
1400-07-24,2021-10-16,9503,اپرداز,APDZ
1400-07-25,2021-10-17,9631,اپرداز,APDZ
1400-07-26,2021-10-18,9459,اپرداز,APDZ
1400-07-27,2021-10-19,9591,اپرداز,APDZ
1400-07-28,2021-10-20,9808,اپرداز,APDZ
1400-08-01,2021-10-23,9281,اپرداز,APDZ
1400-08-03,2021-10-25,8904,اپرداز,APDZ
1400-08-04,2021-10-26,9412,اپرداز,APDZ
1400-08-05,2021-10-27,9525,اپرداز,APDZ
1400-08-08,2021-10-30,9560,اپرداز,APDZ
1400-08-09,2021-10-31,9591,اپرداز,APDZ
1400-08-10,2021-11-01,9887,اپرداز,APDZ
1400-08-11,2021-11-02,10343,اپرداز,APDZ
1400-08-12,2021-11-03,10374,اپرداز,APDZ
1400-08-15,2021-11-06,10458,اپرداز,APDZ
1400-08-16,2021-11-07,10430,اپرداز,APDZ
1400-08-17,2021-11-08,10299,اپرداز,APDZ
1400-08-18,2021-11-09,10250,اپرداز,APDZ
1400-08-19,2021-11-10,10475,اپرداز,APDZ
1400-08-22,2021-11-13,10997,اپرداز,APDZ
1400-08-23,2021-11-14,11041,اپرداز,APDZ
1400-08-24,2021-11-15,10975,اپرداز,APDZ
1400-08-25,2021-11-16,11353,اپرداز,APDZ
1400-08-26,2021-11-17,11492,اپرداز,APDZ
1400-08-29,2021-11-20,11683,اپرداز,APDZ
1400-08-30,2021-11-21,11859,اپرداز,APDZ
1400-09-01,2021-11-22,11890,اپرداز,APDZ
1400-09-02,2021-11-23,11669,اپرداز,APDZ
1400-09-03,2021-11-24,11912,اپرداز,APDZ
1400-09-06,2021-11-27,12244,اپرداز,APDZ
1400-09-07,2021-11-28,12634,اپرداز,APDZ
1400-09-08,2021-11-29,12489,اپرداز,APDZ
1400-09-09,2021-11-30,12729,اپرداز,APDZ
1400-09-10,2021-12-01,12292,اپرداز,APDZ
1400-09-13,2021-12-04,11985,اپرداز,APDZ
1400-09-14,2021-12-05,11455,اپرداز,APDZ
1400-09-15,2021-12-06,11178,اپرداز,APDZ
1400-09-16,2021-12-07,11156,اپرداز,APDZ
1400-09-17,2021-12-08,11138,اپرداز,APDZ
1400-09-20,2021-12-11,11119,اپرداز,APDZ
1400-09-21,2021-12-12,11110,اپرداز,APDZ
1400-09-22,2021-12-13,10524,اپرداز,APDZ
1400-09-23,2021-12-14,10239,اپرداز,APDZ
1400-09-24,2021-12-15,9925,اپرداز,APDZ
1400-09-27,2021-12-18,9545,اپرداز,APDZ
1400-09-28,2021-12-19,9261,اپرداز,APDZ
1400-09-29,2021-12-20,9252,اپرداز,APDZ
1400-09-30,2021-12-21,9250,اپرداز,APDZ
1400-10-01,2021-12-22,9481,اپرداز,APDZ
1400-10-04,2021-12-25,9500,اپرداز,APDZ
1400-10-05,2021-12-26,9180,اپرداز,APDZ
1400-10-06,2021-12-27,9533,اپرداز,APDZ
1400-10-07,2021-12-28,9849,اپرداز,APDZ
1400-10-08,2021-12-29,9658,اپرداز,APDZ
1400-10-11,2022-01-01,9370,اپرداز,APDZ
1400-10-12,2022-01-02,9660,اپرداز,APDZ
1400-10-13,2022-01-03,9244,اپرداز,APDZ
1400-10-14,2022-01-04,9260,اپرداز,APDZ
1400-10-15,2022-01-05,9105,اپرداز,APDZ
1400-10-18,2022-01-08,9194,اپرداز,APDZ
1400-10-19,2022-01-09,8950,اپرداز,APDZ
1400-10-20,2022-01-10,9039,اپرداز,APDZ
1400-10-21,2022-01-11,8818,اپرداز,APDZ
1400-10-22,2022-01-12,9105,اپرداز,APDZ
1400-10-25,2022-01-15,8752,اپرداز,APDZ
1400-10-26,2022-01-16,8508,اپرداز,APDZ
1400-10-27,2022-01-17,8177,اپرداز,APDZ
1400-10-28,2022-01-18,7978,اپرداز,APDZ
1400-10-29,2022-01-19,7912,اپرداز,APDZ
1400-11-02,2022-01-22,7708,اپرداز,APDZ
1400-11-03,2022-01-23,7474,اپرداز,APDZ
1400-11-04,2022-01-24,7443,اپرداز,APDZ
1400-11-05,2022-01-25,7430,اپرداز,APDZ
1400-11-06,2022-01-26,7425,اپرداز,APDZ
1400-11-09,2022-01-29,7403,اپرداز,APDZ
1400-11-10,2022-01-30,7054,اپرداز,APDZ
1400-11-11,2022-01-31,7258,اپرداز,APDZ
1400-11-12,2022-02-01,7001,اپرداز,APDZ
1400-11-13,2022-02-02,7072,اپرداز,APDZ
1400-11-16,2022-02-05,6696,اپرداز,APDZ
1400-11-17,2022-02-06,6528,اپرداز,APDZ
1400-11-18,2022-02-07,6449,اپرداز,APDZ
1400-11-19,2022-02-08,6413,اپرداز,APDZ
1400-11-20,2022-02-09,6369,اپرداز,APDZ
1400-11-23,2022-02-12,6148,اپرداز,APDZ
1400-11-24,2022-02-13,5998,اپرداز,APDZ
1400-11-25,2022-02-14,5971,اپرداز,APDZ
1400-11-27,2022-02-16,5940,اپرداز,APDZ
1400-11-30,2022-02-19,6188,اپرداز,APDZ
1400-12-01,2022-02-20,6365,اپرداز,APDZ
1400-12-02,2022-02-21,6144,اپرداز,APDZ
1400-12-03,2022-02-22,6033,اپرداز,APDZ
1400-12-04,2022-02-23,5989,اپرداز,APDZ
1400-12-07,2022-02-26,5604,اپرداز,APDZ
1400-12-08,2022-02-27,5644,اپرداز,APDZ
1400-12-09,2022-02-28,5940,اپرداز,APDZ
1400-12-11,2022-03-02,5896,اپرداز,APDZ
1400-12-14,2022-03-05,5821,اپرداز,APDZ
1400-12-15,2022-03-06,5923,اپرداز,APDZ
1400-12-16,2022-03-07,5790,اپرداز,APDZ
1400-12-17,2022-03-08,5657,اپرداز,APDZ
1400-12-18,2022-03-09,5613,اپرداز,APDZ
1400-12-21,2022-03-12,5657,اپرداز,APDZ
1400-12-22,2022-03-13,5441,اپرداز,APDZ
1400-12-23,2022-03-14,5525,اپرداز,APDZ
1400-12-24,2022-03-15,5414,اپرداز,APDZ
1400-12-25,2022-03-16,5308,اپرداز,APDZ
1400-12-28,2022-03-19,5498,اپرداز,APDZ
1401-01-06,2022-03-26,5649,اپرداز,APDZ
1401-01-07,2022-03-27,5790,اپرداز,APDZ
1401-01-08,2022-03-28,5790,اپرداز,APDZ
1401-01-09,2022-03-29,5781,اپرداز,APDZ
1401-01-10,2022-03-30,5821,اپرداز,APDZ
1401-01-14,2022-04-03,5967,اپرداز,APDZ
1401-01-15,2022-04-04,5724,اپرداز,APDZ
1401-01-16,2022-04-05,5825,اپرداز,APDZ
1401-01-17,2022-04-06,6068,اپرداز,APDZ
1401-01-20,2022-04-09,6365,اپرداز,APDZ
1401-01-21,2022-04-10,6612,اپرداز,APDZ
1401-01-22,2022-04-11,6493,اپرداز,APDZ
1401-01-23,2022-04-12,6285,اپرداز,APDZ
1401-01-24,2022-04-13,6603,اپرداز,APDZ
1401-01-27,2022-04-16,6453,اپرداز,APDZ
1401-01-28,2022-04-17,6396,اپرداز,APDZ
1401-01-29,2022-04-18,6723,اپرداز,APDZ
1401-01-30,2022-04-19,6670,اپرداز,APDZ
1401-01-31,2022-04-20,6599,اپرداز,APDZ
1401-02-04,2022-04-24,6409,اپرداز,APDZ
1401-02-05,2022-04-25,6550,اپرداز,APDZ
1401-02-06,2022-04-26,6612,اپرداز,APDZ
1401-02-07,2022-04-27,6497,اپرداز,APDZ
1401-02-10,2022-04-30,6630,اپرداز,APDZ
1401-02-11,2022-05-01,6966,اپرداز,APDZ
1401-02-12,2022-05-02,6811,اپرداز,APDZ
1401-02-17,2022-05-07,6917,اپرداز,APDZ
1401-02-18,2022-05-08,6899,اپرداز,APDZ
1401-02-19,2022-05-09,6586,اپرداز,APDZ
1401-02-20,2022-05-10,6886,اپرداز,APDZ
1401-02-21,2022-05-11,6842,اپرداز,APDZ
1401-02-24,2022-05-14,6913,اپرداز,APDZ
1401-02-25,2022-05-15,6882,اپرداز,APDZ
1401-02-26,2022-05-16,7112,اپرداز,APDZ
1401-02-27,2022-05-17,7028,اپرداز,APDZ
1401-02-28,2022-05-18,6687,اپرداز,APDZ
1401-02-31,2022-05-21,6630,اپرداز,APDZ
1401-03-01,2022-05-22,6550,اپرداز,APDZ
1401-03-02,2022-05-23,6316,اپرداز,APDZ
1401-03-03,2022-05-24,6099,اپرداز,APDZ
1401-03-04,2022-05-25,6183,اپرداز,APDZ
1401-03-07,2022-05-28,5870,اپرداز,APDZ
1401-03-08,2022-05-29,5847,اپرداز,APDZ
1401-03-09,2022-05-30,5794,اپرداز,APDZ
1401-03-10,2022-05-31,5808,اپرداز,APDZ
1401-03-11,2022-06-01,5887,اپرداز,APDZ
1401-03-16,2022-06-06,5799,اپرداز,APDZ
1401-03-17,2022-06-07,5861,اپرداز,APDZ
1401-03-18,2022-06-08,5733,اپرداز,APDZ
1401-03-21,2022-06-11,5516,اپرداز,APDZ
1401-03-22,2022-06-12,5512,اپرداز,APDZ
1401-03-23,2022-06-13,5649,اپرداز,APDZ
1401-03-24,2022-06-14,5640,اپرداز,APDZ
1401-03-25,2022-06-15,5887,اپرداز,APDZ
1401-03-28,2022-06-18,6068,اپرداز,APDZ
1401-03-29,2022-06-19,5763,اپرداز,APDZ
1401-03-30,2022-06-20,5728,اپرداز,APDZ
1401-03-31,2022-06-21,5679,اپرداز,APDZ
1401-04-01,2022-06-22,5684,اپرداز,APDZ
1401-04-04,2022-06-25,5693,اپرداز,APDZ
1401-04-05,2022-06-26,5847,اپرداز,APDZ
1401-04-06,2022-06-27,6055,اپرداز,APDZ
1401-04-07,2022-06-28,6024,اپرداز,APDZ
1401-04-08,2022-06-29,5936,اپرداز,APDZ
1401-04-11,2022-07-02,5679,اپرداز,APDZ
1401-04-12,2022-07-03,5724,اپرداز,APDZ
1401-04-13,2022-07-04,5534,اپرداز,APDZ
1401-04-14,2022-07-05,5896,اپرداز,APDZ
1401-04-15,2022-07-06,5834,اپرداز,APDZ
1401-04-18,2022-07-09,5786,اپرداز,APDZ
1401-04-20,2022-07-11,5604,اپرداز,APDZ
1401-04-21,2022-07-12,5542,اپرداز,APDZ
1401-04-22,2022-07-13,5529,اپرداز,APDZ
1401-04-25,2022-07-16,5450,اپرداز,APDZ
1401-04-29,2022-07-20,5583,اپرداز,APDZ
1401-05-01,2022-07-23,5241,اپرداز,APDZ
1401-05-02,2022-07-24,5072,اپرداز,APDZ
1401-05-03,2022-07-25,4974,اپرداز,APDZ
1401-05-11,2022-08-02,5280,اپرداز,APDZ
1401-05-12,2022-08-03,5080,اپرداز,APDZ
1401-05-15,2022-08-06,5330,اپرداز,APDZ
1401-05-18,2022-08-09,5270,اپرداز,APDZ
1401-05-19,2022-08-10,5200,اپرداز,APDZ
1401-05-22,2022-08-13,5200,اپرداز,APDZ
1401-05-23,2022-08-14,5190,اپرداز,APDZ
1401-05-24,2022-08-15,5230,اپرداز,APDZ
1401-05-25,2022-08-16,5190,اپرداز,APDZ
1401-05-26,2022-08-17,5220,اپرداز,APDZ
1401-05-29,2022-08-20,5120,اپرداز,APDZ
1401-05-30,2022-08-21,5200,اپرداز,APDZ
1401-05-31,2022-08-22,5460,اپرداز,APDZ
1401-06-01,2022-08-23,5580,اپرداز,APDZ
1401-06-02,2022-08-24,5640,اپرداز,APDZ
1401-06-05,2022-08-27,5690,اپرداز,APDZ
1401-06-06,2022-08-28,5770,اپرداز,APDZ
1401-06-07,2022-08-29,5730,اپرداز,APDZ
1401-06-08,2022-08-30,5520,اپرداز,APDZ
1401-06-09,2022-08-31,5660,اپرداز,APDZ
1401-06-12,2022-09-03,5750,اپرداز,APDZ
1401-06-13,2022-09-04,5660,اپرداز,APDZ
1401-06-14,2022-09-05,5880,اپرداز,APDZ
1401-06-15,2022-09-06,5990,اپرداز,APDZ
1401-06-16,2022-09-07,5910,اپرداز,APDZ
1401-06-19,2022-09-10,5770,اپرداز,APDZ
1401-06-20,2022-09-11,5780,اپرداز,APDZ
1401-06-21,2022-09-12,5700,اپرداز,APDZ
1401-06-22,2022-09-13,5990,اپرداز,APDZ
1401-06-23,2022-09-14,6040,اپرداز,APDZ
1401-06-27,2022-09-18,5770,اپرداز,APDZ
1401-06-28,2022-09-19,5640,اپرداز,APDZ
1401-06-29,2022-09-20,5580,اپرداز,APDZ
1401-06-30,2022-09-21,5500,اپرداز,APDZ
1401-07-02,2022-09-24,5390,اپرداز,APDZ
1401-07-04,2022-09-26,5500,اپرداز,APDZ
1401-07-06,2022-09-28,5590,اپرداز,APDZ
1401-07-09,2022-10-01,5280,اپرداز,APDZ
1401-07-10,2022-10-02,5290,اپرداز,APDZ
1401-07-11,2022-10-03,5260,اپرداز,APDZ
1401-07-12,2022-10-04,5130,اپرداز,APDZ
1401-07-16,2022-10-08,4910,اپرداز,APDZ
1401-07-17,2022-10-09,4700,اپرداز,APDZ
1401-07-18,2022-10-10,4660,اپرداز,APDZ
1401-07-19,2022-10-11,4680,اپرداز,APDZ
1401-07-20,2022-10-12,4600,اپرداز,APDZ
1401-07-23,2022-10-15,4584,اپرداز,APDZ
1401-07-24,2022-10-16,4384,اپرداز,APDZ
1401-07-25,2022-10-17,4310,اپرداز,APDZ
1401-07-26,2022-10-18,4389,اپرداز,APDZ
1401-07-27,2022-10-19,4293,اپرداز,APDZ
1401-07-30,2022-10-22,4344,اپرداز,APDZ
1401-08-01,2022-10-23,4260,اپرداز,APDZ
1401-08-02,2022-10-24,4165,اپرداز,APDZ
1401-08-03,2022-10-25,3970,اپرداز,APDZ
1401-08-04,2022-10-26,3861,اپرداز,APDZ
1401-08-07,2022-10-29,3860,اپرداز,APDZ
1401-08-08,2022-10-30,3888,اپرداز,APDZ
1401-08-09,2022-10-31,3872,اپرداز,APDZ
1401-08-10,2022-11-01,3908,اپرداز,APDZ
1401-08-11,2022-11-02,3885,اپرداز,APDZ
1401-08-14,2022-11-05,3971,اپرداز,APDZ
1401-08-15,2022-11-06,4046,اپرداز,APDZ
1401-08-16,2022-11-07,4202,اپرداز,APDZ
1401-08-17,2022-11-08,4203,اپرداز,APDZ
1401-08-18,2022-11-09,4300,اپرداز,APDZ
1401-08-21,2022-11-12,4298,اپرداز,APDZ
1401-08-22,2022-11-13,4217,اپرداز,APDZ
1401-08-23,2022-11-14,4170,اپرداز,APDZ
1401-08-24,2022-11-15,4125,اپرداز,APDZ
1401-08-25,2022-11-16,4360,اپرداز,APDZ
1401-08-28,2022-11-19,4230,اپرداز,APDZ
1401-08-29,2022-11-20,4264,اپرداز,APDZ
1401-08-30,2022-11-21,4240,اپرداز,APDZ
1401-09-01,2022-11-22,4202,اپرداز,APDZ
1401-09-02,2022-11-23,4474,اپرداز,APDZ
1401-09-05,2022-11-26,4405,اپرداز,APDZ
1401-09-06,2022-11-27,4369,اپرداز,APDZ
1401-09-07,2022-11-28,4383,اپرداز,APDZ
1401-09-08,2022-11-29,4354,اپرداز,APDZ
1401-09-09,2022-11-30,4479,اپرداز,APDZ
1401-09-12,2022-12-03,4526,اپرداز,APDZ
1401-09-13,2022-12-04,4521,اپرداز,APDZ
1401-09-14,2022-12-05,4410,اپرداز,APDZ
1401-09-15,2022-12-06,4702,اپرداز,APDZ
1401-09-16,2022-12-07,4570,اپرداز,APDZ
1401-09-19,2022-12-10,4456,اپرداز,APDZ
1401-09-20,2022-12-11,4476,اپرداز,APDZ
1401-09-21,2022-12-12,4522,اپرداز,APDZ
1401-09-22,2022-12-13,4595,اپرداز,APDZ
1401-09-23,2022-12-14,4521,اپرداز,APDZ
1401-09-26,2022-12-17,4618,اپرداز,APDZ
1401-09-27,2022-12-18,4680,اپرداز,APDZ
1401-09-28,2022-12-19,4536,اپرداز,APDZ
1401-09-29,2022-12-20,4538,اپرداز,APDZ
1401-09-30,2022-12-21,4486,اپرداز,APDZ
1401-10-03,2022-12-24,4677,اپرداز,APDZ
1401-10-04,2022-12-25,4674,اپرداز,APDZ
1401-10-05,2022-12-26,4840,اپرداز,APDZ
1401-10-07,2022-12-28,4850,اپرداز,APDZ
1401-10-10,2022-12-31,4634,اپرداز,APDZ
1401-10-11,2023-01-01,4944,اپرداز,APDZ
1401-10-12,2023-01-02,5118,اپرداز,APDZ
1401-10-13,2023-01-03,4927,اپرداز,APDZ
1401-10-14,2023-01-04,4985,اپرداز,APDZ
1401-10-17,2023-01-07,5048,اپرداز,APDZ
1401-10-18,2023-01-08,5247,اپرداز,APDZ
1401-10-19,2023-01-09,5248,اپرداز,APDZ
1401-10-20,2023-01-10,5065,اپرداز,APDZ
1401-10-21,2023-01-11,5177,اپرداز,APDZ
1401-10-24,2023-01-14,5320,اپرداز,APDZ
1401-10-26,2023-01-16,5430,اپرداز,APDZ
1401-10-27,2023-01-17,5300,اپرداز,APDZ
1401-10-28,2023-01-18,5470,اپرداز,APDZ
1401-11-01,2023-01-21,5150,اپرداز,APDZ
1401-11-02,2023-01-22,5140,اپرداز,APDZ
1401-11-03,2023-01-23,5220,اپرداز,APDZ
1401-11-04,2023-01-24,5130,اپرداز,APDZ
1401-11-05,2023-01-25,5020,اپرداز,APDZ
1401-11-08,2023-01-28,4880,اپرداز,APDZ
1401-11-09,2023-01-29,4670,اپرداز,APDZ
1401-11-10,2023-01-30,4460,اپرداز,APDZ
1401-11-11,2023-01-31,4410,اپرداز,APDZ
1401-11-12,2023-02-01,4670,اپرداز,APDZ
1401-11-16,2023-02-05,4451,اپرداز,APDZ
1401-11-17,2023-02-06,4495,اپرداز,APDZ
1401-11-18,2023-02-07,4454,اپرداز,APDZ
1401-11-19,2023-02-08,4721,اپرداز,APDZ
1401-11-23,2023-02-12,4887,اپرداز,APDZ
1401-11-24,2023-02-13,4850,اپرداز,APDZ
1401-11-25,2023-02-14,5096,اپرداز,APDZ
1401-11-26,2023-02-15,4910,اپرداز,APDZ
1401-11-30,2023-02-19,5140,اپرداز,APDZ
1401-12-01,2023-02-20,5310,اپرداز,APDZ
1401-12-02,2023-02-21,5080,اپرداز,APDZ
1401-12-03,2023-02-22,5220,اپرداز,APDZ
1401-12-06,2023-02-25,5330,اپرداز,APDZ
1401-12-07,2023-02-26,5140,اپرداز,APDZ
1401-12-08,2023-02-27,5110,اپرداز,APDZ
1401-12-09,2023-02-28,5180,اپرداز,APDZ
1401-12-10,2023-03-01,4990,اپرداز,APDZ
1401-12-13,2023-03-04,5070,اپرداز,APDZ
1401-12-14,2023-03-05,5050,اپرداز,APDZ
1401-12-15,2023-03-06,4940,اپرداز,APDZ
1401-12-16,2023-03-07,5030,اپرداز,APDZ
1401-12-20,2023-03-11,4984,اپرداز,APDZ
1401-12-21,2023-03-12,4820,اپرداز,APDZ
1401-12-22,2023-03-13,4735,اپرداز,APDZ
1401-12-23,2023-03-14,4910,اپرداز,APDZ
1401-12-24,2023-03-15,4950,اپرداز,APDZ
1401-12-27,2023-03-18,5212,اپرداز,APDZ
1401-12-28,2023-03-19,5467,اپرداز,APDZ
1402-01-05,2023-03-25,5660,اپرداز,APDZ
1402-01-06,2023-03-26,5550,اپرداز,APDZ
1402-01-07,2023-03-27,5710,اپرداز,APDZ
1402-01-08,2023-03-28,5850,اپرداز,APDZ
1402-01-09,2023-03-29,5890,اپرداز,APDZ
1402-01-14,2023-04-03,6180,اپرداز,APDZ
1402-01-15,2023-04-04,5900,اپرداز,APDZ
1402-01-16,2023-04-05,6060,اپرداز,APDZ
1402-01-19,2023-04-08,6320,اپرداز,APDZ
1402-01-20,2023-04-09,6640,اپرداز,APDZ
1402-01-21,2023-04-10,6400,اپرداز,APDZ
1402-01-22,2023-04-11,6940,اپرداز,APDZ
1402-01-26,2023-04-15,7130,اپرداز,APDZ
1402-01-27,2023-04-16,7000,اپرداز,APDZ
1402-01-28,2023-04-17,7230,اپرداز,APDZ
1402-01-29,2023-04-18,7470,اپرداز,APDZ
1402-01-30,2023-04-19,7830,اپرداز,APDZ
1402-02-04,2023-04-24,7640,اپرداز,APDZ
1402-02-05,2023-04-25,7580,اپرداز,APDZ
1402-02-06,2023-04-26,8130,اپرداز,APDZ
1402-02-09,2023-04-29,7950,اپرداز,APDZ
1402-02-10,2023-04-30,7980,اپرداز,APDZ
1402-02-11,2023-05-01,8300,اپرداز,APDZ
1402-02-12,2023-05-02,8690,اپرداز,APDZ
1402-02-13,2023-05-03,8420,اپرداز,APDZ
1402-02-16,2023-05-06,8240,اپرداز,APDZ
1402-02-17,2023-05-07,7900,اپرداز,APDZ
1402-02-18,2023-05-08,7590,اپرداز,APDZ
1402-02-19,2023-05-09,7250,اپرداز,APDZ
1402-02-20,2023-05-10,6890,اپرداز,APDZ
1402-02-23,2023-05-13,6710,اپرداز,APDZ
1402-02-24,2023-05-14,6870,اپرداز,APDZ
1402-02-25,2023-05-15,6510,اپرداز,APDZ
1402-02-27,2023-05-17,6930,اپرداز,APDZ
1402-02-30,2023-05-20,6780,اپرداز,APDZ
1402-02-31,2023-05-21,7110,اپرداز,APDZ
1402-03-01,2023-05-22,7200,اپرداز,APDZ
1402-03-02,2023-05-23,7030,اپرداز,APDZ
1402-03-03,2023-05-24,7100,اپرداز,APDZ
1402-03-06,2023-05-27,6980,اپرداز,APDZ
1402-03-07,2023-05-28,6770,اپرداز,APDZ
1402-03-08,2023-05-29,6940,اپرداز,APDZ
1402-03-09,2023-05-30,7100,اپرداز,APDZ
1402-03-10,2023-05-31,6950,اپرداز,APDZ
1402-03-13,2023-06-03,7090,اپرداز,APDZ
1402-03-16,2023-06-06,6990,اپرداز,APDZ
1402-03-17,2023-06-07,6970,اپرداز,APDZ
1402-03-20,2023-06-10,6580,اپرداز,APDZ
1402-03-21,2023-06-11,6550,اپرداز,APDZ
1402-03-22,2023-06-12,6250,اپرداز,APDZ
1402-03-23,2023-06-13,6230,اپرداز,APDZ
1402-03-24,2023-06-14,6190,اپرداز,APDZ
1402-03-27,2023-06-17,6250,اپرداز,APDZ
